{
  "run_won": false,
  "run_completed": true,
  "final_ante": 5,
  "final_round": 15,
  "providers": {
    "xAI": 123
  },
  "calls_total": 123,
  "calls_success": 120,
  "calls_error": 0,
  "calls_failed": 3,
  "tokens_in_total": 2108751,
  "tokens_out_total": 425495,
  "tokens_in_avg": 17144.317073170732,
  "tokens_out_avg": 3459.308943089431,
  "tokens_in_std": 1414.3363578253843,
  "tokens_out_std": 2901.473156440072,
  "time_total_ms": 9876490,
  "time_avg_ms": 80296.66666666667,
  "time_std_ms": 60611.852512749705,
  "cost_total": 11.497674,
  "cost_avg": 0.0934770243902439,
  "cost_std": 0.044244736224739054
}