{
  "run_won": true,
  "run_completed": true,
  "final_ante": 9,
  "final_round": 24,
  "providers": {
    "OpenAI": 332
  },
  "calls_total": 332,
  "calls_success": 329,
  "calls_error": 0,
  "calls_failed": 3,
  "tokens_in_total": 4672042,
  "tokens_out_total": 432845,
  "tokens_in_avg": 14072.415662650603,
  "tokens_out_avg": 1303.75,
  "tokens_in_std": 318.5505249948335,
  "tokens_out_std": 662.7872033226181,
  "time_total_ms": 11074558,
  "time_avg_ms": 33357.10240963855,
  "time_std_ms": 19243.817207313983,
  "cost_total": 8.7316187,
  "cost_avg": 0.026300056325301205,
  "cost_std": 0.009759619594901249
}