{
  "run_won": false,
  "run_completed": true,
  "final_ante": 5,
  "final_round": 15,
  "providers": {
    "Google": 145,
    "AtlasCloud": 2,
    "SiliconFlow": 1
  },
  "calls_total": 148,
  "calls_success": 129,
  "calls_error": 18,
  "calls_failed": 1,
  "tokens_in_total": 2313221,
  "tokens_out_total": 364765,
  "tokens_in_avg": 15629.871621621622,
  "tokens_out_avg": 2464.6283783783783,
  "tokens_in_std": 511.08974251443834,
  "tokens_out_std": 1217.5485590361307,
  "time_total_ms": 8024773,
  "time_avg_ms": 54221.43918918919,
  "time_std_ms": 30858.23563854823,
  "cost_total": 1.88862735,
  "cost_avg": 0.012760995608108108,
  "cost_std": 0.0024061907942684174
}