{
  "run_won": true,
  "run_completed": true,
  "final_ante": 9,
  "final_round": 24,
  "providers": {
    "Amazon Bedrock": 116,
    "Google": 59
  },
  "calls_total": 175,
  "calls_success": 172,
  "calls_error": 2,
  "calls_failed": 1,
  "tokens_in_total": 2951369,
  "tokens_out_total": 606620,
  "tokens_in_avg": 16864.965714285714,
  "tokens_out_avg": 3466.4,
  "tokens_in_std": 511.904275547178,
  "tokens_out_std": 1575.4194916632978,
  "time_total_ms": 11109209,
  "time_avg_ms": 63481.194285714286,
  "time_std_ms": 29479.006912517303,
  "cost_total": 17.953407,
  "cost_avg": 0.10259089714285713,
  "cost_std": 0.02422083971514202
}