{
  "run_won": false,
  "run_completed": true,
  "final_ante": 1,
  "final_round": 1,
  "providers": {
    "Mistral": 4
  },
  "calls_total": 4,
  "calls_success": 4,
  "calls_error": 0,
  "calls_failed": 0,
  "tokens_in_total": 54755,
  "tokens_out_total": 1172,
  "tokens_in_avg": 13688.75,
  "tokens_out_avg": 293.0,
  "tokens_in_std": 357.82991769833893,
  "tokens_out_std": 83.96427811873333,
  "time_total_ms": 30503,
  "time_avg_ms": 7625.75,
  "time_std_ms": 841.2024627480196,
  "cost_total": 0.0291355,
  "cost_avg": 0.007283875,
  "cost_std": 0.0003038084305940176
}