{
  "run_won": false,
  "run_completed": true,
  "final_ante": 1,
  "final_round": 2,
  "providers": {
    "Amazon Bedrock": 12
  },
  "calls_total": 12,
  "calls_success": 12,
  "calls_error": 0,
  "calls_failed": 0,
  "tokens_in_total": 188278,
  "tokens_out_total": 36092,
  "tokens_in_avg": 15689.833333333334,
  "tokens_out_avg": 3007.6666666666665,
  "tokens_in_std": 603.608065693043,
  "tokens_out_std": 959.7857084061036,
  "time_total_ms": 320538,
  "time_avg_ms": 26711.5,
  "time_std_ms": 7584.526790536351,
  "cost_total": 0.368738,
  "cost_avg": 0.030728166666666668,
  "cost_std": 0.004955142321290321
}