{
  "run_won": false,
  "run_completed": true,
  "final_ante": 2,
  "final_round": 5,
  "providers": {
    "Fireworks": 31
  },
  "calls_total": 31,
  "calls_success": 30,
  "calls_error": 1,
  "calls_failed": 0,
  "tokens_in_total": 432972,
  "tokens_out_total": 48112,
  "tokens_in_avg": 13966.838709677419,
  "tokens_out_avg": 1552.0,
  "tokens_in_std": 503.2654102144112,
  "tokens_out_std": 566.0899810689699,
  "time_total_ms": 381863,
  "time_avg_ms": 12318.161290322581,
  "time_std_ms": 4689.875784401787,
  "cost_total": 0.187626,
  "cost_avg": 0.006052451612903225,
  "cost_std": 0.0007197508447932834
}