{
  "run_won": false,
  "run_completed": true,
  "final_ante": 2,
  "final_round": 6,
  "providers": {
    "Google": 32
  },
  "calls_total": 32,
  "calls_success": 32,
  "calls_error": 0,
  "calls_failed": 0,
  "tokens_in_total": 518160,
  "tokens_out_total": 77673,
  "tokens_in_avg": 16192.5,
  "tokens_out_avg": 2427.28125,
  "tokens_in_std": 656.1730692235042,
  "tokens_out_std": 1961.1333825503114,
  "time_total_ms": 1514692,
  "time_avg_ms": 47334.125,
  "time_std_ms": 34551.78690841497,
  "cost_total": 4.532625,
  "cost_avg": 0.14164453125,
  "cost_std": 0.05014269390641612
}