{
  "run_won": false,
  "run_completed": true,
  "final_ante": 3,
  "final_round": 7,
  "providers": {
    "Amazon Bedrock": 53
  },
  "calls_total": 53,
  "calls_success": 52,
  "calls_error": 1,
  "calls_failed": 0,
  "tokens_in_total": 904638,
  "tokens_out_total": 227865,
  "tokens_in_avg": 17068.64150943396,
  "tokens_out_avg": 4299.33962264151,
  "tokens_in_std": 1114.4564058551255,
  "tokens_out_std": 2192.6210337910497,
  "time_total_ms": 2084388,
  "time_avg_ms": 39328.07547169811,
  "time_std_ms": 17881.73705730241,
  "cost_total": 2.043963,
  "cost_avg": 0.03856533962264151,
  "cost_std": 0.011390501417246058
}