{
  "run_won": false,
  "run_completed": true,
  "final_ante": 1,
  "final_round": 2,
  "providers": {
    "xAI": 12
  },
  "calls_total": 12,
  "calls_success": 12,
  "calls_error": 0,
  "calls_failed": 0,
  "tokens_in_total": 163753,
  "tokens_out_total": 24339,
  "tokens_in_avg": 13646.083333333334,
  "tokens_out_avg": 2028.25,
  "tokens_in_std": 701.0018101822476,
  "tokens_out_std": 1207.366038117687,
  "time_total_ms": 316713,
  "time_avg_ms": 26392.75,
  "time_std_ms": 15684.3794679756,
  "cost_total": 0.0417023,
  "cost_avg": 0.0034751916666666666,
  "cost_std": 0.0009895976119416448
}