{
  "run_won": false,
  "run_completed": true,
  "final_ante": 2,
  "final_round": 6,
  "providers": {
    "xAI": 45
  },
  "calls_total": 45,
  "calls_success": 44,
  "calls_error": 0,
  "calls_failed": 1,
  "tokens_in_total": 703110,
  "tokens_out_total": 107631,
  "tokens_in_avg": 15624.666666666666,
  "tokens_out_avg": 2391.8,
  "tokens_in_std": 1008.7781087668748,
  "tokens_out_std": 1651.1048587371592,
  "time_total_ms": 2926355,
  "time_avg_ms": 65030.11111111111,
  "time_std_ms": 39887.69333403601,
  "cost_total": 3.4526295,
  "cost_avg": 0.0767251,
  "cost_std": 0.024965444441244454
}