{
  "run_won": false,
  "run_completed": true,
  "final_ante": 7,
  "final_round": 21,
  "providers": {
    "OpenAI": 206
  },
  "calls_total": 206,
  "calls_success": 206,
  "calls_error": 0,
  "calls_failed": 0,
  "tokens_in_total": 2907993,
  "tokens_out_total": 227309,
  "tokens_in_avg": 14116.470873786408,
  "tokens_out_avg": 1103.4417475728155,
  "tokens_in_std": 401.48497116872846,
  "tokens_out_std": 685.6733802583996,
  "time_total_ms": 5864224,
  "time_avg_ms": 28467.106796116506,
  "time_std_ms": 16297.242839032393,
  "cost_total": 4.74129775,
  "cost_avg": 0.02301600849514563,
  "cost_std": 0.009775424972536783
}