{
  "run_won": false,
  "run_completed": true,
  "final_ante": 2,
  "final_round": 6,
  "providers": {
    "xAI": 48
  },
  "calls_total": 48,
  "calls_success": 46,
  "calls_error": 0,
  "calls_failed": 2,
  "tokens_in_total": 761456,
  "tokens_out_total": 110811,
  "tokens_in_avg": 15863.666666666666,
  "tokens_out_avg": 2308.5625,
  "tokens_in_std": 1205.4722978952723,
  "tokens_out_std": 1343.7182123899752,
  "time_total_ms": 3633480,
  "time_avg_ms": 75697.5,
  "time_std_ms": 43385.457134458746,
  "cost_total": 3.8677965,
  "cost_avg": 0.08057909375,
  "cost_std": 0.021251821859362734
}