{
  "run_won": false,
  "run_completed": true,
  "final_ante": 1,
  "final_round": 3,
  "providers": {
    "Fireworks": 24
  },
  "calls_total": 24,
  "calls_success": 22,
  "calls_error": 1,
  "calls_failed": 1,
  "tokens_in_total": 328826,
  "tokens_out_total": 33428,
  "tokens_in_avg": 13701.083333333334,
  "tokens_out_avg": 1392.8333333333333,
  "tokens_in_std": 600.0091967894193,
  "tokens_out_std": 509.36470804041915,
  "time_total_ms": 224903,
  "time_avg_ms": 9370.958333333334,
  "time_std_ms": 3571.7188832265483,
  "cost_total": 0.1387614,
  "cost_avg": 0.005781725000000001,
  "cost_std": 0.0006978114447265138
}