{
  "action_counts": {
    "buy": 11,
    "cash_out": 18,
    "choose_pack_card": 8,
    "discard": 12,
    "end_shop": 18,
    "open_pack": 8,
    "play_hand": 38,
    "rearrange": 1,
    "reroll": 7,
    "select_blind": 19,
    "sell": 5,
    "skip_blind": 2
  },
  "ante": 7,
  "ante_stats": {
    "1": {
      "bot_decision_seconds": 5.541826099622995,
      "env_step_seconds": 1.8161856998922303,
      "replay_log_seconds": 0.01851119997445494,
      "score_audit_seconds": 0.001182700041681528,
      "score_delta": 1683,
      "steps": 19,
      "total_seconds": 7.3777056995313615
    },
    "2": {
      "bot_decision_seconds": 0.49907420005183667,
      "env_step_seconds": 1.7159138000570238,
      "replay_log_seconds": 0.014522600104101002,
      "score_audit_seconds": 0.0016002999618649483,
      "score_delta": 3944,
      "steps": 16,
      "total_seconds": 2.2311109001748264
    },
    "3": {
      "bot_decision_seconds": 0.566264400142245,
      "env_step_seconds": 0.8753195001045242,
      "replay_log_seconds": 0.008333299891091883,
      "score_audit_seconds": 0.0005013998597860336,
      "score_delta": 8855,
      "steps": 10,
      "total_seconds": 1.450418599997647
    },
    "4": {
      "bot_decision_seconds": 2.75528219982516,
      "env_step_seconds": 1.1829651001608,
      "replay_log_seconds": 0.012903599883429706,
      "score_audit_seconds": 0.0005311999702826142,
      "score_delta": 18427,
      "steps": 15,
      "total_seconds": 3.9516820998396724
    },
    "5": {
      "bot_decision_seconds": 0.8125955993309617,
      "env_step_seconds": 2.511545400135219,
      "replay_log_seconds": 0.023103700252249837,
      "score_audit_seconds": 0.001529999659396708,
      "score_delta": 51316,
      "steps": 26,
      "total_seconds": 3.3487746993778273
    },
    "6": {
      "bot_decision_seconds": 2.096309900516644,
      "env_step_seconds": 3.3182453997433186,
      "replay_log_seconds": 0.024046699982136488,
      "score_audit_seconds": 0.002264999900944531,
      "score_delta": 93564,
      "steps": 27,
      "total_seconds": 5.440867000143044
    },
    "7": {
      "bot_decision_seconds": 25.10632269992493,
      "env_step_seconds": 4.100691700237803,
      "replay_log_seconds": 0.03246210026554763,
      "score_audit_seconds": 0.0026465001283213496,
      "score_delta": 125895,
      "steps": 34,
      "total_seconds": 29.242123000556603
    }
  },
  "bot_version": "basic_strategy_bot",
  "death_reason": "The Mouth",
  "final_money": 74,
  "final_score": 38225,
  "max_steps": 350,
  "phase_counts": {
    "blind_select": 21,
    "booster_opened": 8,
    "round_eval": 18,
    "selecting_hand": 51,
    "shop": 49
  },
  "record_type": "run_profile",
  "runtime_seconds": 53.16969590005465,
  "seed": 1,
  "slowest_steps": [
    {
      "action": "play_hand",
      "action_key": "play_hand|0,2,3,4,5||",
      "ante": 7,
      "blind": "The Mouth",
      "bot_decision_seconds": 1.954914000001736,
      "env_step_seconds": 0.38576110010035336,
      "money_after": 74,
      "money_before": 74,
      "phase": "selecting_hand",
      "replay_log_seconds": 0.0015482999151572585,
      "required_score": 70000,
      "score_after": 19909,
      "score_audit_seconds": 0.00045380007941275835,
      "score_before": 10732,
      "total_seconds": 2.3426772000966594
    },
    {
      "action": "play_hand",
      "action_key": "play_hand|0,2,3,4,5||",
      "ante": 7,
      "blind": "Big Blind",
      "bot_decision_seconds": 1.9070537000661716,
      "env_step_seconds": 0.30010819993913174,
      "money_after": 64,
      "money_before": 64,
      "phase": "selecting_hand",
      "replay_log_seconds": 0.0011043999111279845,
      "required_score": 52500,
      "score_after": 17226,
      "score_audit_seconds": 0.0002851000754162669,
      "score_before": 0,
      "total_seconds": 2.2085513999918476
    },
    {
      "action": "discard",
      "action_key": "discard|4,5||",
      "ante": 7,
      "blind": "The Mouth",
      "bot_decision_seconds": 2.045462799957022,
      "env_step_seconds": 0.07965690002311021,
      "money_after": 74,
      "money_before": 74,
      "phase": "selecting_hand",
      "replay_log_seconds": 0.0009294000919908285,
      "required_score": 70000,
      "score_after": 19909,
      "score_audit_seconds": 2.159993164241314e-05,
      "score_before": 19909,
      "total_seconds": 2.1260707000037655
    },
    {
      "action": "play_hand",
      "action_key": "play_hand|1,2,3,4,5||",
      "ante": 7,
      "blind": "The Mouth",
      "bot_decision_seconds": 1.8569914000108838,
      "env_step_seconds": 0.24760290002450347,
      "money_after": 74,
      "money_before": 74,
      "phase": "selecting_hand",
      "replay_log_seconds": 0.0010602000402286649,
      "required_score": 70000,
      "score_after": 10732,
      "score_audit_seconds": 0.00023809995036572218,
      "score_before": 0,
      "total_seconds": 2.1058926000259817
    },
    {
      "action": "discard",
      "action_key": "discard|1,4,5||",
      "ante": 7,
      "blind": "Big Blind",
      "bot_decision_seconds": 1.8737810000311583,
      "env_step_seconds": 0.07809680001810193,
      "money_after": 64,
      "money_before": 64,
      "phase": "selecting_hand",
      "replay_log_seconds": 0.0010154999326914549,
      "required_score": 52500,
      "score_after": 0,
      "score_audit_seconds": 2.300017513334751e-06,
      "score_before": 0,
      "total_seconds": 1.952895599999465
    },
    {
      "action": "discard",
      "action_key": "discard|3,4,5||",
      "ante": 7,
      "blind": "The Mouth",
      "bot_decision_seconds": 1.850860600010492,
      "env_step_seconds": 0.05825340002775192,
      "money_after": 74,
      "money_before": 74,
      "phase": "selecting_hand",
      "replay_log_seconds": 0.0009646000107750297,
      "required_score": 70000,
      "score_after": 0,
      "score_audit_seconds": 1.600012183189392e-06,
      "score_before": 0,
      "total_seconds": 1.910080200061202
    },
    {
      "action": "discard",
      "action_key": "discard|1,5||",
      "ante": 7,
      "blind": "The Mouth",
      "bot_decision_seconds": 1.767993799992837,
      "env_step_seconds": 0.06639429996721447,
      "money_after": 74,
      "money_before": 74,
      "phase": "selecting_hand",
      "replay_log_seconds": 0.0009598999749869108,
      "required_score": 70000,
      "score_after": 0,
      "score_audit_seconds": 1.600012183189392e-06,
      "score_before": 0,
      "total_seconds": 1.8353495999472216
    },
    {
      "action": "discard",
      "action_key": "discard|1,5||",
      "ante": 7,
      "blind": "The Mouth",
      "bot_decision_seconds": 1.773905000067316,
      "env_step_seconds": 0.04957599996123463,
      "money_after": 74,
      "money_before": 74,
      "phase": "selecting_hand",
      "replay_log_seconds": 0.000998100033029914,
      "required_score": 70000,
      "score_after": 0,
      "score_audit_seconds": 1.300009898841381e-06,
      "score_before": 0,
      "total_seconds": 1.8244804000714794
    },
    {
      "action": "discard",
      "action_key": "discard|3,4,5||",
      "ante": 7,
      "blind": "Big Blind",
      "bot_decision_seconds": 1.7362141999183223,
      "env_step_seconds": 0.06878600001800805,
      "money_after": 64,
      "money_before": 64,
      "phase": "selecting_hand",
      "replay_log_seconds": 0.0012298000510782003,
      "required_score": 52500,
      "score_after": 0,
      "score_audit_seconds": 1.700012944638729e-06,
      "score_before": 0,
      "total_seconds": 1.8062317000003532
    },
    {
      "action": "play_hand",
      "action_key": "play_hand|4,5||",
      "ante": 7,
      "blind": "The Mouth",
      "bot_decision_seconds": 1.3955498998984694,
      "env_step_seconds": 0.3018711000913754,
      "money_after": 74,
      "money_before": 74,
      "phase": "selecting_hand",
      "replay_log_seconds": 0.0009226000402122736,
      "required_score": 70000,