{
  "run_won": false,
  "run_completed": true,
  "final_ante": 4,
  "final_round": 12,
  "providers": {
    "Alibaba": 88
  },
  "calls_total": 88,
  "calls_success": 87,
  "calls_error": 0,
  "calls_failed": 1,
  "tokens_in_total": 1306169,
  "tokens_out_total": 74415,
  "tokens_in_avg": 14842.829545454546,
  "tokens_out_avg": 845.625,
  "tokens_in_std": 543.7066742488817,
  "tokens_out_std": 586.0392147347279,
  "time_total_ms": 1773055,
  "time_avg_ms": 20148.352272727272,
  "time_std_ms": 11017.139958922076,
  "cost_total": 2.0138928,
  "cost_avg": 0.022885145454545452,
  "cost_std": 0.0038343109880202286
}