{
  "run_won": true,
  "run_completed": true,
  "final_ante": 9,
  "final_round": 27,
  "providers": {
    "Google": 286,
    "Google AI Studio": 1
  },
  "calls_total": 287,
  "calls_success": 282,
  "calls_error": 1,
  "calls_failed": 4,
  "tokens_in_total": 4167302,
  "tokens_out_total": 596711,
  "tokens_in_avg": 14520.216027874565,
  "tokens_out_avg": 2079.1324041811845,
  "tokens_in_std": 387.6495813541235,
  "tokens_out_std": 1070.2590121261333,
  "time_total_ms": 5092369,
  "time_avg_ms": 17743.44599303136,
  "time_std_ms": 8110.777368888105,
  "cost_total": 3.7696045,
  "cost_avg": 0.013134510452961672,
  "cost_std": 0.003373895494199837
}