{
  "run_won": false,
  "run_completed": true,
  "final_ante": 1,
  "final_round": 1,
  "providers": {
    "DeepInfra": 5
  },
  "calls_total": 5,
  "calls_success": 5,
  "calls_error": 0,
  "calls_failed": 0,
  "tokens_in_total": 65825,
  "tokens_out_total": 7757,
  "tokens_in_avg": 13165.0,
  "tokens_out_avg": 1551.4,
  "tokens_in_std": 250.77579628026305,
  "tokens_out_std": 903.2271585819373,
  "time_total_ms": 103098,
  "time_avg_ms": 20619.6,
  "time_std_ms": 12760.586440285571,
  "cost_total": 0.0277394,
  "cost_avg": 0.00554788,
  "cost_std": 0.0010659539025680235
}