{
  "run_won": false,
  "run_completed": true,
  "final_ante": 1,
  "final_round": 2,
  "providers": {
    "SiliconFlow": 14
  },
  "calls_total": 14,
  "calls_success": 11,
  "calls_error": 2,
  "calls_failed": 1,
  "tokens_in_total": 191087,
  "tokens_out_total": 18647,
  "tokens_in_avg": 13649.07142857143,
  "tokens_out_avg": 1331.9285714285713,
  "tokens_in_std": 429.0892796261751,
  "tokens_out_std": 422.6233937763419,
  "time_total_ms": 275002,
  "time_avg_ms": 19643.0,
  "time_std_ms": 5889.407636400481,
  "cost_total": 0.12127994,
  "cost_avg": 0.008662852857142857,
  "cost_std": 0.0010442439049484456
}