{
  "run_won": false,
  "run_completed": true,
  "final_ante": 2,
  "final_round": 5,
  "providers": {
    "Amazon Bedrock": 27
  },
  "calls_total": 27,
  "calls_success": 27,
  "calls_error": 0,
  "calls_failed": 0,
  "tokens_in_total": 445394,
  "tokens_out_total": 134448,
  "tokens_in_avg": 16496.074074074073,
  "tokens_out_avg": 4979.555555555556,
  "tokens_in_std": 834.8840051134661,
  "tokens_out_std": 2436.2076981895343,
  "time_total_ms": 1244468,
  "time_avg_ms": 46091.40740740741,
  "time_std_ms": 20406.618184114945,
  "cost_total": 1.117634,
  "cost_avg": 0.041393851851851855,
  "cost_std": 0.012505802298575414
}