{
  "run_won": false,
  "run_completed": true,
  "final_ante": 1,
  "final_round": 1,
  "providers": {
    "Mistral": 4
  },
  "calls_total": 4,
  "calls_success": 4,
  "calls_error": 0,
  "calls_failed": 0,
  "tokens_in_total": 54480,
  "tokens_out_total": 1732,
  "tokens_in_avg": 13620.0,
  "tokens_out_avg": 433.0,
  "tokens_in_std": 297.37630481708976,
  "tokens_out_std": 438.39175783006385,
  "time_total_ms": 40658,
  "time_avg_ms": 10164.5,
  "time_std_ms": 8655.071056900688,
  "cost_total": 0.029838,
  "cost_avg": 0.0074595,
  "cost_std": 0.0007920594464222159
}