{
  "run_won": false,
  "run_completed": true,
  "final_ante": 1,
  "final_round": 1,
  "providers": {
    "Mistral": 4
  },
  "calls_total": 4,
  "calls_success": 4,
  "calls_error": 0,
  "calls_failed": 0,
  "tokens_in_total": 54919,
  "tokens_out_total": 2415,
  "tokens_in_avg": 13729.75,
  "tokens_out_avg": 603.75,
  "tokens_in_std": 393.05841380978814,
  "tokens_out_std": 397.96932461351,
  "time_total_ms": 52766,
  "time_avg_ms": 13191.5,
  "time_std_ms": 5934.771688953165,
  "cost_total": 0.031082,
  "cost_avg": 0.0077705,
  "cost_std": 0.0007815799170057192
}