{
  "run_won": false,
  "run_completed": false,
  "final_ante": 8,
  "final_round": 22,
  "providers": {
    "Google": 270,
    "Google AI Studio": 7
  },
  "calls_total": 277,
  "calls_success": 262,
  "calls_error": 7,
  "calls_failed": 8,
  "tokens_in_total": 3977417,
  "tokens_out_total": 499755,
  "tokens_in_avg": 14358.906137184116,
  "tokens_out_avg": 1804.1696750902527,
  "tokens_in_std": 942.7848963167941,
  "tokens_out_std": 960.7031223130252,
  "time_total_ms": 5094967,
  "time_avg_ms": 18393.382671480143,
  "time_std_ms": 11323.774243009932,
  "cost_total": 3.36932065,
  "cost_avg": 0.012163612454873646,
  "cost_std": 0.003292508240192791
}