{
  "run_won": false,
  "run_completed": true,
  "final_ante": 6,
  "final_round": 18,
  "providers": {
    "Amazon Bedrock": 139,
    "Google": 33
  },
  "calls_total": 172,
  "calls_success": 172,
  "calls_error": 0,
  "calls_failed": 0,
  "tokens_in_total": 2848870,
  "tokens_out_total": 482415,
  "tokens_in_avg": 16563.197674418603,
  "tokens_out_avg": 2804.7383720930234,
  "tokens_in_std": 414.8703967221949,
  "tokens_out_std": 1795.6807196548123,
  "time_total_ms": 8426990,
  "time_avg_ms": 48994.12790697674,
  "time_std_ms": 30383.90666271879,
  "cost_total": 26.304725,
  "cost_avg": 0.1529344476744186,
  "cost_std": 0.04530616093050043
}