{
  "run_won": false,
  "run_completed": true,
  "final_ante": 4,
  "final_round": 10,
  "providers": {
    "Google": 76
  },
  "calls_total": 76,
  "calls_success": 76,
  "calls_error": 0,
  "calls_failed": 0,
  "tokens_in_total": 1087346,
  "tokens_out_total": 158547,
  "tokens_in_avg": 14307.184210526315,
  "tokens_out_avg": 2086.1447368421054,
  "tokens_in_std": 484.0796548923552,
  "tokens_out_std": 1012.5761035293083,
  "time_total_ms": 1390316,
  "time_avg_ms": 18293.63157894737,
  "time_std_ms": 8011.7419459892,
  "cost_total": 0.97970905,
  "cost_avg": 0.012890908552631579,
  "cost_std": 0.0032190012488491743
}