{
  "run_won": false,
  "run_completed": true,
  "final_ante": 1,
  "final_round": 3,
  "providers": {
    "Amazon Bedrock": 24
  },
  "calls_total": 24,
  "calls_success": 24,
  "calls_error": 0,
  "calls_failed": 0,
  "tokens_in_total": 386825,
  "tokens_out_total": 58847,
  "tokens_in_avg": 16117.708333333334,
  "tokens_out_avg": 2451.9583333333335,
  "tokens_in_std": 661.6662418317185,
  "tokens_out_std": 956.8624670228744,
  "time_total_ms": 920921,
  "time_avg_ms": 38371.708333333336,
  "time_std_ms": 12896.728781325053,
  "cost_total": 2.04318,
  "cost_avg": 0.0851325,
  "cost_std": 0.015386245181414751
}