{
  "action_counts": {
    "buy": 16,
    "cash_out": 21,
    "choose_pack_card": 10,
    "discard": 15,
    "end_shop": 21,
    "open_pack": 10,
    "play_hand": 49,
    "rearrange": 2,
    "reroll": 10,
    "select_blind": 22,
    "sell": 6,
    "skip_blind": 2
  },
  "ante": 8,
  "ante_stats": {
    "1": {
      "bot_decision_seconds": 5.473450200166553,
      "env_step_seconds": 1.73264860000927,
      "replay_log_seconds": 0.018907399964518845,
      "score_audit_seconds": 0.001128099742345512,
      "score_delta": 1683,
      "steps": 19,
      "total_seconds": 7.226134299882688
    },
    "2": {
      "bot_decision_seconds": 0.48393340001348406,
      "env_step_seconds": 1.8017161000752822,
      "replay_log_seconds": 0.013596200267784297,
      "score_audit_seconds": 0.0014456997159868479,
      "score_delta": 3944,
      "steps": 16,
      "total_seconds": 2.3006914000725374
    },
    "3": {
      "bot_decision_seconds": 0.5291803998406976,
      "env_step_seconds": 0.8822435002075508,
      "replay_log_seconds": 0.008446999825537205,
      "score_audit_seconds": 0.00042599986772984266,
      "score_delta": 8855,
      "steps": 10,
      "total_seconds": 1.4202968997415155
    },
    "4": {
      "bot_decision_seconds": 2.815748099819757,
      "env_step_seconds": 1.8767669999506325,
      "replay_log_seconds": 0.014099900028668344,
      "score_audit_seconds": 0.0007157999789342284,
      "score_delta": 18427,
      "steps": 15,
      "total_seconds": 4.707330799777992
    },
    "5": {
      "bot_decision_seconds": 1.2643133999081329,
      "env_step_seconds": 3.5427126004360616,
      "replay_log_seconds": 0.028012300026603043,
      "score_audit_seconds": 0.0022226000437512994,
      "score_delta": 51062,
      "steps": 27,
      "total_seconds": 4.837260900414549
    },
    "6": {
      "bot_decision_seconds": 4.422038999735378,
      "env_step_seconds": 4.531371899647638,
      "replay_log_seconds": 0.03011909977067262,
      "score_audit_seconds": 0.002521600457839668,
      "score_delta": 93837,
      "steps": 28,
      "total_seconds": 8.986051599611528
    },
    "7": {
      "bot_decision_seconds": 44.97154909966048,
      "env_step_seconds": 5.522120300331153,
      "replay_log_seconds": 0.03735900006722659,
      "score_audit_seconds": 0.0029517996590584517,
      "score_delta": 165496,
      "steps": 33,
      "total_seconds": 50.53398019971792
    },
    "8": {
      "bot_decision_seconds": 102.05325790005736,
      "env_step_seconds": 6.313840600545518,
      "replay_log_seconds": 0.04407900001388043,
      "score_audit_seconds": 0.003527600201778114,
      "score_delta": 168383,
      "steps": 36,
      "total_seconds": 108.41470510081854
    }
  },
  "bot_version": "basic_strategy_bot",
  "death_reason": null,
  "final_money": 30,
  "final_score": 40638,
  "max_steps": 350,
  "phase_counts": {
    "blind_select": 24,
    "booster_opened": 10,
    "round_eval": 21,
    "selecting_hand": 66,
    "shop": 63
  },
  "record_type": "run_profile",
  "runtime_seconds": 188.54887810000218,
  "seed": 1,
  "slowest_steps": [
    {
      "action": "discard",
      "action_key": "discard|4,7,8||",
      "ante": 8,
      "blind": "Crimson Heart",
      "bot_decision_seconds": 12.560973700019531,
      "env_step_seconds": 0.07724270003382117,
      "money_after": 30,
      "money_before": 30,
      "phase": "selecting_hand",
      "replay_log_seconds": 0.0024061999283730984,
      "required_score": 100000,
      "score_after": 0,
      "score_audit_seconds": 2.200016751885414e-06,
      "score_before": 0,
      "total_seconds": 12.640624799998477
    },
    {
      "action": "discard",
      "action_key": "discard|1,4,5,8||",
      "ante": 8,
      "blind": "Crimson Heart",
      "bot_decision_seconds": 11.964004799956456,
      "env_step_seconds": 0.11925650003831834,
      "money_after": 30,
      "money_before": 30,
      "phase": "selecting_hand",
      "replay_log_seconds": 0.0019490999402478337,
      "required_score": 100000,
      "score_after": 0,
      "score_audit_seconds": 1.500011421740055e-06,
      "score_before": 0,
      "total_seconds": 12.085211899946444
    },
    {
      "action": "discard",
      "action_key": "discard|3,4,5,8||",
      "ante": 8,
      "blind": "Crimson Heart",
      "bot_decision_seconds": 11.767818000051193,
      "env_step_seconds": 0.11294569994788617,
      "money_after": 30,
      "money_before": 30,
      "phase": "selecting_hand",
      "replay_log_seconds": 0.0019154000328853726,
      "required_score": 100000,
      "score_after": 0,
      "score_audit_seconds": 1.800013706088066e-06,
      "score_before": 0,
      "total_seconds": 11.88268090004567
    },
    {
      "action": "discard",
      "action_key": "discard|1,6,7,8||",
      "ante": 8,
      "blind": "Crimson Heart",
      "bot_decision_seconds": 11.785275000031106,
      "env_step_seconds": 0.0921967999311164,
      "money_after": 30,
      "money_before": 30,
      "phase": "selecting_hand",
      "replay_log_seconds": 0.0019806999480351806,
      "required_score": 100000,
      "score_after": 0,
      "score_audit_seconds": 1.800013706088066e-06,
      "score_before": 0,
      "total_seconds": 11.879454299923964
    },
    {
      "action": "play_hand",
      "action_key": "play_hand|2,3,4,8||",
      "ante": 8,
      "blind": "Crimson Heart",
      "bot_decision_seconds": 9.74783580005169,
      "env_step_seconds": 0.35565679997671396,
      "money_after": 30,
      "money_before": 30,
      "phase": "selecting_hand",
      "replay_log_seconds": 0.0015412999782711267,
      "required_score": 100000,
      "score_after": 7680,
      "score_audit_seconds": 0.0002610000083222985,
      "score_before": 0,
      "total_seconds": 10.105294900014997
    },
    {
      "action": "play_hand",
      "action_key": "play_hand|1,2,6,7,8||",
      "ante": 8,
      "blind": "Crimson Heart",
      "bot_decision_seconds": 9.564720800030045,
      "env_step_seconds": 0.3591050000395626,
      "money_after": 30,
      "money_before": 30,
      "phase": "selecting_hand",
      "replay_log_seconds": 0.0016819998854771256,
      "required_score": 100000,
      "score_after": 23082,
      "score_audit_seconds": 0.00030770001467317343,
      "score_before": 7680,
      "total_seconds": 9.925815499969758
    },
    {
      "action": "play_hand",
      "action_key": "play_hand|0,1,4,5,6||",
      "ante": 8,
      "blind": "Big Blind",
      "bot_decision_seconds": 4.120903300005011,
      "env_step_seconds": 0.48681479995138943,
      "money_after": 26,
      "money_before": 26,
      "phase": "selecting_hand",
      "replay_log_seconds": 0.0012587999226525426,
      "required_score": 75000,
      "score_after": 69888,
      "score_audit_seconds": 0.0003155000740662217,
      "score_before": 52968,
      "total_seconds": 4.6092923999531195
    },
    {
      "action": "play_hand",
      "action_key": "play_hand|2,3,4,5,6||",
      "ante": 7,
      "blind": "The Mouth",
      "bot_decision_seconds": 4.041763100074604,
      "env_step_seconds": 0.336261099902913,
      "money_after": 44,
      "money_before": 44,
      "phase": "selecting_hand",
      "replay_log_seconds": 0.0014150000642985106,
      "required_score": 70000,
      "score_after": 43920,
      "score_audit_seconds": 0.0002597999991849065,
      "score_before": 23760,
      "total_seconds": 4.3796990000410005
    },
    {
      "action": "play_hand",
      "action_key": "play_hand|0,1,4,5,6||",
      "ante": 7,
      "blind": "The Mouth",
      "bot_decision_seconds": 4.045617499970831,
      "env_step_seconds": 0.3181116000050679,
      "money_after": 44,
      "money_before": 44,
      "phase": "selecting_hand",
      "replay_log_seconds": 0.0013246000744402409,
      "required_score": 70000,
      "score_after": 62532,
      "score_audit_seconds": 0.0003108999226242304,
      "score_before": 43920,
      "total_seconds": 4.365364599972963
    },
    {
      "action": "discard",