{
  "run_won": false,
  "run_completed": true,
  "final_ante": 2,
  "final_round": 6,
  "providers": {
    "Groq": 52
  },
  "calls_total": 52,
  "calls_success": 49,
  "calls_error": 3,
  "calls_failed": 0,
  "tokens_in_total": 702283,
  "tokens_out_total": 73578,
  "tokens_in_avg": 13505.442307692309,
  "tokens_out_avg": 1414.9615384615386,
  "tokens_in_std": 300.5212082471632,
  "tokens_out_std": 781.862681929292,
  "time_total_ms": 196015,
  "time_avg_ms": 3769.519230769231,
  "time_std_ms": 1888.2939959945857,
  "cost_total": 0.10989885,
  "cost_avg": 0.0021134394230769233,
  "cost_std": 0.0005214732782558995
}