{
  "run_won": false,
  "run_completed": true,
  "final_ante": 2,
  "final_round": 6,
  "providers": {
    "Groq": 48
  },
  "calls_total": 48,
  "calls_success": 45,
  "calls_error": 3,
  "calls_failed": 0,
  "tokens_in_total": 647053,
  "tokens_out_total": 60328,
  "tokens_in_avg": 13480.270833333334,
  "tokens_out_avg": 1256.8333333333333,
  "tokens_in_std": 308.491024703629,
  "tokens_out_std": 736.5654434483534,
  "time_total_ms": 169884,
  "time_avg_ms": 3539.25,
  "time_std_ms": 1889.0098442012847,
  "cost_total": 0.10274595,
  "cost_avg": 0.002140540625,
  "cost_std": 0.0005069332422430891
}