{
  "run_won": false,
  "run_completed": true,
  "final_ante": 4,
  "final_round": 12,
  "providers": {
    "Cerebras": 113,
    "Clarifai": 1
  },
  "calls_total": 114,
  "calls_success": 99,
  "calls_error": 11,
  "calls_failed": 4,
  "tokens_in_total": 1568847,
  "tokens_out_total": 201070,
  "tokens_in_avg": 13761.815789473685,
  "tokens_out_avg": 1763.7719298245613,
  "tokens_in_std": 321.5254174785711,
  "tokens_out_std": 1010.0853467408917,
  "time_total_ms": 262556,
  "time_avg_ms": 2303.122807017544,
  "time_std_ms": 1215.853392276649,
  "cost_total": 0.6959138,
  "cost_avg": 0.00610450701754386,
  "cost_std": 0.0009022892845933122
}