{
  "run_won": false,
  "run_completed": true,
  "final_ante": 2,
  "final_round": 6,
  "providers": {
    "xAI": 48
  },
  "calls_total": 48,
  "calls_success": 48,
  "calls_error": 0,
  "calls_failed": 0,
  "tokens_in_total": 711220,
  "tokens_out_total": 110584,
  "tokens_in_avg": 14817.083333333334,
  "tokens_out_avg": 2303.8333333333335,
  "tokens_in_std": 978.6766104293176,
  "tokens_out_std": 1479.9528073748627,
  "time_total_ms": 1379461,
  "time_avg_ms": 28738.770833333332,
  "time_std_ms": 17436.674128069633,
  "cost_total": 0.18964555,
  "cost_avg": 0.003950948958333333,
  "cost_std": 0.000690373650178361
}