{
  "run_won": false,
  "run_completed": true,
  "final_ante": 5,
  "final_round": 15,
  "providers": {
    "OpenAI": 144
  },
  "calls_total": 144,
  "calls_success": 144,
  "calls_error": 0,
  "calls_failed": 0,
  "tokens_in_total": 2029127,
  "tokens_out_total": 192698,
  "tokens_in_avg": 14091.159722222223,
  "tokens_out_avg": 1338.1805555555557,
  "tokens_in_std": 332.47343157314117,
  "tokens_out_std": 1066.8548419935132,
  "time_total_ms": 4823892,
  "time_avg_ms": 33499.25,
  "time_std_ms": 23667.332175399475,
  "cost_total": 3.79244985,
  "cost_avg": 0.026336457291666667,
  "cost_std": 0.015116933232249379
}