{
  "run_won": false,
  "run_completed": true,
  "final_ante": 2,
  "final_round": 6,
  "providers": {
    "Amazon Bedrock": 27,
    "Google": 10
  },
  "calls_total": 37,
  "calls_success": 36,
  "calls_error": 1,
  "calls_failed": 0,
  "tokens_in_total": 603415,
  "tokens_out_total": 105218,
  "tokens_in_avg": 16308.513513513513,
  "tokens_out_avg": 2843.7297297297296,
  "tokens_in_std": 699.7930099370504,
  "tokens_out_std": 1586.2805841311906,
  "time_total_ms": 1988537,
  "time_avg_ms": 53744.24324324324,
  "time_std_ms": 33792.52039069971,
  "cost_total": 3.388515,
  "cost_avg": 0.09158148648648648,
  "cost_std": 0.024775262930123602
}