{
  "run_won": false,
  "run_completed": true,
  "final_ante": 1,
  "final_round": 2,
  "providers": {
    "Groq": 18
  },
  "calls_total": 18,
  "calls_success": 17,
  "calls_error": 1,
  "calls_failed": 0,
  "tokens_in_total": 240023,
  "tokens_out_total": 42246,
  "tokens_in_avg": 13334.611111111111,
  "tokens_out_avg": 2347.0,
  "tokens_in_std": 470.06058919711603,
  "tokens_out_std": 2853.8727866450076,
  "time_total_ms": 67145,
  "time_avg_ms": 3730.277777777778,
  "time_std_ms": 3326.279087112126,
  "cost_total": 0.024502725,
  "cost_avg": 0.0013612625,
  "cost_std": 0.0008630499054843918
}