{
  "run_won": false,
  "run_completed": true,
  "final_ante": 3,
  "final_round": 7,
  "providers": {
    "Google": 68
  },
  "calls_total": 68,
  "calls_success": 63,
  "calls_error": 5,
  "calls_failed": 0,
  "tokens_in_total": 1061000,
  "tokens_out_total": 146761,
  "tokens_in_avg": 15602.941176470587,
  "tokens_out_avg": 2158.25,
  "tokens_in_std": 1131.1637500043787,
  "tokens_out_std": 1304.0220030077553,
  "time_total_ms": 972388,
  "time_avg_ms": 14299.823529411764,
  "time_std_ms": 9323.787117217944,
  "cost_total": 1.0035025,
  "cost_avg": 0.014757389705882352,
  "cost_std": 0.0034079948163254895
}