{
  "run_won": false,
  "run_completed": false,
  "final_ante": 7,
  "final_round": 20,
  "providers": {
    "Google": 161,
    "AtlasCloud": 3,
    "DeepInfra": 1
  },
  "calls_total": 164,
  "calls_success": 158,
  "calls_error": 5,
  "calls_failed": 1,
  "tokens_in_total": 2583949,
  "tokens_out_total": 424335,
  "tokens_in_avg": 15660.29696969697,
  "tokens_out_avg": 2571.7272727272725,
  "tokens_in_std": 478.3227329753471,
  "tokens_out_std": 1156.5890576765064,
  "time_total_ms": 9442260,
  "time_avg_ms": 57225.818181818184,
  "time_std_ms": 32410.811439235324,
  "cost_total": 2.13517751,
  "cost_avg": 0.012940469757575759,
  "cost_std": 0.00241302210173587
}