{
  "run_won": false,
  "run_completed": true,
  "final_ante": 3,
  "final_round": 9,
  "providers": {
    "Google AI Studio": 65,
    "Google": 4
  },
  "calls_total": 69,
  "calls_success": 69,
  "calls_error": 0,
  "calls_failed": 0,
  "tokens_in_total": 982934,
  "tokens_out_total": 114409,
  "tokens_in_avg": 14245.420289855072,
  "tokens_out_avg": 1658.1014492753623,
  "tokens_in_std": 522.4925951008386,
  "tokens_out_std": 1159.4454828891207,
  "time_total_ms": 974958,
  "time_avg_ms": 14129.826086956522,
  "time_std_ms": 11685.302131758765,
  "cost_total": 0.834694,
  "cost_avg": 0.012097014492753624,
  "cost_std": 0.0035807946014436583
}