{
  "run_won": false,
  "run_completed": true,
  "final_ante": 1,
  "final_round": 3,
  "providers": {
    "Alibaba": 18
  },
  "calls_total": 18,
  "calls_success": 18,
  "calls_error": 0,
  "calls_failed": 0,
  "tokens_in_total": 254186,
  "tokens_out_total": 11970,
  "tokens_in_avg": 14121.444444444445,
  "tokens_out_avg": 665.0,
  "tokens_in_std": 680.335749484138,
  "tokens_out_std": 382.7175275348033,
  "time_total_ms": 305048,
  "time_avg_ms": 16947.11111111111,
  "time_std_ms": 7831.103760299385,
  "cost_total": 0.3768432,
  "cost_avg": 0.02093573333333333,
  "cost_std": 0.002892909807260015
}