{
  "run_won": false,
  "run_completed": true,
  "final_ante": 2,
  "final_round": 5,
  "providers": {
    "xAI": 45
  },
  "calls_total": 45,
  "calls_success": 43,
  "calls_error": 0,
  "calls_failed": 2,
  "tokens_in_total": 690451,
  "tokens_out_total": 114396,
  "tokens_in_avg": 15343.355555555556,
  "tokens_out_avg": 2542.133333333333,
  "tokens_in_std": 845.2766399113358,
  "tokens_out_std": 2043.0459613038568,
  "time_total_ms": 2647784,
  "time_avg_ms": 58839.64444444444,
  "time_std_ms": 42894.47840136598,
  "cost_total": 3.2298465,
  "cost_avg": 0.07177436666666666,
  "cost_std": 0.033758877438882985
}