{
  "run_won": false,
  "run_completed": true,
  "final_ante": 4,
  "final_round": 12,
  "providers": {
    "Groq": 125
  },
  "calls_total": 125,
  "calls_success": 118,
  "calls_error": 5,
  "calls_failed": 2,
  "tokens_in_total": 1743364,
  "tokens_out_total": 463932,
  "tokens_in_avg": 13946.912,
  "tokens_out_avg": 3711.456,
  "tokens_in_std": 374.16377766444606,
  "tokens_out_std": 4066.2336153473334,
  "time_total_ms": 670557,
  "time_avg_ms": 5364.456,
  "time_std_ms": 5108.953046753853,
  "cost_total": 0.2246871,
  "cost_avg": 0.0017974968,
  "cost_std": 0.001225930052691629
}