{
  "run_won": false,
  "run_completed": true,
  "final_ante": 3,
  "final_round": 7,
  "providers": {
    "Google": 51,
    "BaseTen": 2
  },
  "calls_total": 53,
  "calls_success": 49,
  "calls_error": 4,
  "calls_failed": 0,
  "tokens_in_total": 817613,
  "tokens_out_total": 128857,
  "tokens_in_avg": 15426.66037735849,
  "tokens_out_avg": 2431.264150943396,
  "tokens_in_std": 914.6158492334832,
  "tokens_out_std": 1397.2530902142273,
  "time_total_ms": 936153,
  "time_avg_ms": 17663.264150943396,
  "time_std_ms": 10156.255085018265,
  "cost_total": 0.8127103,
  "cost_avg": 0.015334156603773585,
  "cost_std": 0.0035744975664425385
}