{
  "run_won": false,
  "run_completed": false,
  "final_ante": 4,
  "final_round": 12,
  "providers": {
    "xAI": 97
  },
  "calls_total": 97,
  "calls_success": 94,
  "calls_error": 0,
  "calls_failed": 3,
  "tokens_in_total": 1596335,
  "tokens_out_total": 228848,
  "tokens_in_avg": 16457.061855670105,
  "tokens_out_avg": 2359.257731958763,
  "tokens_in_std": 1225.7662723649048,
  "tokens_out_std": 1847.1649520185347,
  "time_total_ms": 7734900,
  "time_avg_ms": 79741.23711340207,
  "time_std_ms": 58237.75363412845,
  "cost_total": 7.9916895,
  "cost_avg": 0.08238855154639176,
  "cost_std": 0.02899833034875533
}