{
  "run_won": false,
  "run_completed": true,
  "final_ante": 4,
  "final_round": 12,
  "providers": {
    "Cerebras": 109
  },
  "calls_total": 109,
  "calls_success": 103,
  "calls_error": 4,
  "calls_failed": 2,
  "tokens_in_total": 1493071,
  "tokens_out_total": 184756,
  "tokens_in_avg": 13697.899082568807,
  "tokens_out_avg": 1695.0091743119267,
  "tokens_in_std": 314.27609190581927,
  "tokens_out_std": 939.3439840044875,
  "time_total_ms": 233953,
  "time_avg_ms": 2146.3577981651374,
  "time_std_ms": 1097.1973852851586,
  "cost_total": 0.66114185,
  "cost_avg": 0.006065521559633028,
  "cost_std": 0.0007290232645771788
}