{
  "run_won": false,
  "run_completed": true,
  "final_ante": 1,
  "final_round": 3,
  "providers": {
    "Amazon Bedrock": 13
  },
  "calls_total": 13,
  "calls_success": 13,
  "calls_error": 0,
  "calls_failed": 0,
  "tokens_in_total": 205863,
  "tokens_out_total": 60690,
  "tokens_in_avg": 15835.615384615385,
  "tokens_out_avg": 4668.461538461538,
  "tokens_in_std": 614.7497510452985,
  "tokens_out_std": 2448.9570098099794,
  "time_total_ms": 537469,
  "time_avg_ms": 41343.769230769234,
  "time_std_ms": 18952.80166252405,
  "cost_total": 0.509313,
  "cost_avg": 0.039177923076923075,
  "cost_std": 0.012619556123080944
}