{
  "run_won": false,
  "run_completed": true,
  "final_ante": 1,
  "final_round": 2,
  "providers": {
    "Alibaba": 10
  },
  "calls_total": 10,
  "calls_success": 10,
  "calls_error": 0,
  "calls_failed": 0,
  "tokens_in_total": 138317,
  "tokens_out_total": 5990,
  "tokens_in_avg": 13831.7,
  "tokens_out_avg": 599.0,
  "tokens_in_std": 516.6023723436731,
  "tokens_out_std": 211.12976525771487,
  "time_total_ms": 152402,
  "time_avg_ms": 15240.2,
  "time_std_ms": 3717.593480854098,
  "cost_total": 0.2019204,
  "cost_avg": 0.02019204,
  "cost_std": 0.0017087722891011544
}