{
  "run_won": false,
  "run_completed": true,
  "final_ante": 4,
  "final_round": 12,
  "providers": {
    "Amazon Bedrock": 84
  },
  "calls_total": 84,
  "calls_success": 84,
  "calls_error": 0,
  "calls_failed": 0,
  "tokens_in_total": 1400307,
  "tokens_out_total": 253534,
  "tokens_in_avg": 16670.321428571428,
  "tokens_out_avg": 3018.2619047619046,
  "tokens_in_std": 669.1983364527946,
  "tokens_out_std": 1737.0183019133306,
  "time_total_ms": 4008275,
  "time_avg_ms": 47717.55952380953,
  "time_std_ms": 25919.29963325286,
  "cost_total": 8.003931,
  "cost_avg": 0.09528489285714285,
  "cost_std": 0.02711402406616678
}