{
  "run_won": false,
  "run_completed": true,
  "final_ante": 1,
  "final_round": 2,
  "providers": {
    "SiliconFlow": 15
  },
  "calls_total": 15,
  "calls_success": 15,
  "calls_error": 0,
  "calls_failed": 0,
  "tokens_in_total": 207570,
  "tokens_out_total": 22925,
  "tokens_in_avg": 13838.0,
  "tokens_out_avg": 1528.3333333333333,
  "tokens_in_std": 556.3366144443745,
  "tokens_out_std": 729.1548597683551,
  "time_total_ms": 340911,
  "time_avg_ms": 22727.4,
  "time_std_ms": 10656.326255194275,
  "cost_total": 0.1376144,
  "cost_avg": 0.009174293333333333,
  "cost_std": 0.0016688514366759066
}