{
  "run_won": false,
  "run_completed": false,
  "final_ante": 1,
  "final_round": 3,
  "providers": {
    "Google": 27
  },
  "calls_total": 27,
  "calls_success": 25,
  "calls_error": 2,
  "calls_failed": 0,
  "tokens_in_total": 408210,
  "tokens_out_total": 64925,
  "tokens_in_avg": 15118.888888888889,
  "tokens_out_avg": 2404.6296296296296,
  "tokens_in_std": 680.1818384324396,
  "tokens_out_std": 1126.396335089787,
  "time_total_ms": 1935340,
  "time_avg_ms": 71679.25925925926,
  "time_std_ms": 45544.33428969775,
  "cost_total": 0.3376716,
  "cost_avg": 0.012506355555555557,
  "cost_std": 0.002187539817992478
}