{
  "run_won": true,
  "run_completed": true,
  "final_ante": 9,
  "final_round": 24,
  "providers": {
    "OpenAI": 298
  },
  "calls_total": 298,
  "calls_success": 296,
  "calls_error": 0,
  "calls_failed": 2,
  "tokens_in_total": 4184122,
  "tokens_out_total": 364357,
  "tokens_in_avg": 14040.677852348994,
  "tokens_out_avg": 1222.6744966442952,
  "tokens_in_std": 304.84404067893405,
  "tokens_out_std": 780.5988106053152,
  "time_total_ms": 8704287,
  "time_avg_ms": 29209.01677852349,
  "time_std_ms": 18148.423207139553,
  "cost_total": 7.3699059,
  "cost_avg": 0.024731227852348995,
  "cost_std": 0.011318636877797035
}