{
  "run_won": false,
  "run_completed": true,
  "final_ante": 4,
  "final_round": 12,
  "providers": {
    "Amazon Bedrock": 85
  },
  "calls_total": 85,
  "calls_success": 85,
  "calls_error": 0,
  "calls_failed": 0,
  "tokens_in_total": 1437183,
  "tokens_out_total": 321162,
  "tokens_in_avg": 16908.035294117646,
  "tokens_out_avg": 3778.3764705882354,
  "tokens_in_std": 678.3044239842746,
  "tokens_out_std": 2231.803530654026,
  "time_total_ms": 4949113,
  "time_avg_ms": 58224.85882352941,
  "time_std_ms": 31760.320254155162,
  "cost_total": 9.128979,
  "cost_avg": 0.10739975294117646,
  "cost_std": 0.03450528586280585
}