{
  "run_won": false,
  "run_completed": true,
  "final_ante": 1,
  "final_round": 3,
  "providers": {
    "Amazon Bedrock": 16
  },
  "calls_total": 16,
  "calls_success": 16,
  "calls_error": 0,
  "calls_failed": 0,
  "tokens_in_total": 255834,
  "tokens_out_total": 64101,
  "tokens_in_avg": 15989.625,
  "tokens_out_avg": 4006.3125,
  "tokens_in_std": 735.4912983849639,
  "tokens_out_std": 2061.521047471179,
  "time_total_ms": 580134,
  "time_avg_ms": 36258.375,
  "time_std_ms": 19192.384864402167,
  "cost_total": 0.5763389999999999,
  "cost_avg": 0.036021187499999996,
  "cost_std": 0.010643218361747227
}