{
  "run_won": false,
  "run_completed": true,
  "final_ante": 2,
  "final_round": 5,
  "providers": {
    "Google": 47
  },
  "calls_total": 47,
  "calls_success": 47,
  "calls_error": 0,
  "calls_failed": 0,
  "tokens_in_total": 723127,
  "tokens_out_total": 127983,
  "tokens_in_avg": 15385.68085106383,
  "tokens_out_avg": 2723.0425531914893,
  "tokens_in_std": 580.0158583432825,
  "tokens_out_std": 1297.7671452796346,
  "time_total_ms": 2505720,
  "time_avg_ms": 53313.1914893617,
  "time_std_ms": 26749.980110222834,
  "cost_total": 0.61996256,
  "cost_avg": 0.013190692765957447,
  "cost_std": 0.0023104454533212026
}