{
  "run_won": false,
  "run_completed": true,
  "final_ante": 5,
  "final_round": 15,
  "providers": {
    "Google": 132,
    "Google AI Studio": 1
  },
  "calls_total": 133,
  "calls_success": 131,
  "calls_error": 1,
  "calls_failed": 1,
  "tokens_in_total": 1962530,
  "tokens_out_total": 289861,
  "tokens_in_avg": 14755.864661654135,
  "tokens_out_avg": 2179.406015037594,
  "tokens_in_std": 673.5933804238516,
  "tokens_out_std": 1156.2442860634833,
  "time_total_ms": 2551486,
  "time_avg_ms": 19184.105263157893,
  "time_std_ms": 8774.152786748095,
  "cost_total": 1.8076543,
  "cost_avg": 0.013591385714285715,
  "cost_std": 0.0036570113559154247
}