{
  "run_won": true,
  "run_completed": true,
  "final_ante": 9,
  "final_round": 24,
  "providers": {
    "Google AI Studio": 291,
    "Google": 1
  },
  "calls_total": 292,
  "calls_success": 269,
  "calls_error": 22,
  "calls_failed": 1,
  "tokens_in_total": 4236498,
  "tokens_out_total": 725506,
  "tokens_in_avg": 14508.554794520547,
  "tokens_out_avg": 2484.609589041096,
  "tokens_in_std": 363.1237996805764,
  "tokens_out_std": 1379.1682107649924,
  "time_total_ms": 8802018,
  "time_avg_ms": 30143.897260273974,
  "time_std_ms": 15162.557391682807,
  "cost_total": 12.7649946,
  "cost_avg": 0.04371573493150685,
  "cost_std": 0.01717511715448808
}