{
  "run_won": false,
  "run_completed": true,
  "final_ante": 2,
  "final_round": 5,
  "providers": {
    "Cerebras": 31,
    "Groq": 10,
    "Clarifai": 6
  },
  "calls_total": 47,
  "calls_success": 45,
  "calls_error": 2,
  "calls_failed": 0,
  "tokens_in_total": 638344,
  "tokens_out_total": 68197,
  "tokens_in_avg": 13581.787234042553,
  "tokens_out_avg": 1451.0,
  "tokens_in_std": 321.8233336698212,
  "tokens_out_std": 749.7447971607173,
  "time_total_ms": 151789,
  "time_avg_ms": 3229.553191489362,
  "time_std_ms": 2698.677001215923,
  "cost_total": 0.21877144,
  "cost_avg": 0.004654711489361702,
  "cost_std": 0.0018265135986020385
}