{
  "run_won": false,
  "run_completed": true,
  "final_ante": 1,
  "final_round": 3,
  "providers": {
    "Google": 22
  },
  "calls_total": 22,
  "calls_success": 20,
  "calls_error": 2,
  "calls_failed": 0,
  "tokens_in_total": 313987,
  "tokens_out_total": 49107,
  "tokens_in_avg": 14272.136363636364,
  "tokens_out_avg": 2232.1363636363635,
  "tokens_in_std": 839.2177364015307,
  "tokens_out_std": 1697.9225484454469,
  "time_total_ms": 318838,
  "time_avg_ms": 14492.636363636364,
  "time_std_ms": 9834.743425347926,
  "cost_total": 0.3111597,
  "cost_avg": 0.014143622727272726,
  "cost_std": 0.004427850094887157
}