{
  "run_won": false,
  "run_completed": true,
  "final_ante": 3,
  "final_round": 9,
  "providers": {
    "Google": 75
  },
  "calls_total": 75,
  "calls_success": 68,
  "calls_error": 5,
  "calls_failed": 2,
  "tokens_in_total": 1112868,
  "tokens_out_total": 169878,
  "tokens_in_avg": 14838.24,
  "tokens_out_avg": 2265.04,
  "tokens_in_std": 787.6904804382068,
  "tokens_out_std": 1477.8312766219838,
  "time_total_ms": 1077536,
  "time_avg_ms": 14367.146666666667,
  "time_std_ms": 8494.53301087192,
  "cost_total": 1.0924158,
  "cost_avg": 0.014565544,
  "cost_std": 0.003855881512220141
}