{
  "run_won": false,
  "run_completed": false,
  "final_ante": 4,
  "final_round": 10,
  "providers": {
    "xAI": 64
  },
  "calls_total": 64,
  "calls_success": 64,
  "calls_error": 0,
  "calls_failed": 0,
  "tokens_in_total": 1032607,
  "tokens_out_total": 156492,
  "tokens_in_avg": 16134.484375,
  "tokens_out_avg": 2445.1875,
  "tokens_in_std": 1352.7525377257336,
  "tokens_out_std": 1709.237413501789,
  "time_total_ms": 3525776,
  "time_avg_ms": 55090.25,
  "time_std_ms": 36809.215776263045,
  "cost_total": 4.669077,
  "cost_avg": 0.072954328125,
  "cost_std": 0.03147784717545562
}