{
  "run_won": false,
  "run_completed": true,
  "final_ante": 4,
  "final_round": 12,
  "providers": {
    "Google": 95,
    "SiliconFlow": 2
  },
  "calls_total": 97,
  "calls_success": 93,
  "calls_error": 2,
  "calls_failed": 2,
  "tokens_in_total": 1514606,
  "tokens_out_total": 245151,
  "tokens_in_avg": 15614.494845360825,
  "tokens_out_avg": 2527.3298969072166,
  "tokens_in_std": 543.4268603752666,
  "tokens_out_std": 1181.4442937358624,
  "time_total_ms": 5330496,
  "time_avg_ms": 54953.56701030928,
  "time_std_ms": 30638.211902142186,
  "cost_total": 1.24602028,
  "cost_avg": 0.012845569896907216,
  "cost_std": 0.0023607453615425746
}