{
  "run_won": false,
  "run_completed": true,
  "final_ante": 1,
  "final_round": 2,
  "providers": {
    "SiliconFlow": 12
  },
  "calls_total": 12,
  "calls_success": 12,
  "calls_error": 0,
  "calls_failed": 0,
  "tokens_in_total": 163525,
  "tokens_out_total": 19341,
  "tokens_in_avg": 13627.083333333334,
  "tokens_out_avg": 1611.75,
  "tokens_in_std": 551.7282694708813,
  "tokens_out_std": 919.4802014774929,
  "time_total_ms": 287198,
  "time_avg_ms": 23933.166666666668,
  "time_std_ms": 11814.032579431918,
  "cost_total": 0.1112307,
  "cost_avg": 0.009269225,
  "cost_std": 0.0021417617123060165
}