{
  "run_won": false,
  "run_completed": false,
  "final_ante": 2,
  "final_round": 4,
  "providers": {
    "Google": 34
  },
  "calls_total": 34,
  "calls_success": 28,
  "calls_error": 6,
  "calls_failed": 0,
  "tokens_in_total": 510634,
  "tokens_out_total": 65517,
  "tokens_in_avg": 15018.64705882353,
  "tokens_out_avg": 1926.9705882352941,
  "tokens_in_std": 520.9229502936134,
  "tokens_out_std": 837.956369924242,
  "time_total_ms": 1403300,
  "time_avg_ms": 41273.529411764706,
  "time_std_ms": 18087.836898054557,
  "cost_total": 0.3960236,
  "cost_avg": 0.01164775294117647,
  "cost_std": 0.0014179124010885807
}