{
  "run_won": false,
  "run_completed": true,
  "final_ante": 1,
  "final_round": 2,
  "providers": {
    "Fireworks": 12
  },
  "calls_total": 12,
  "calls_success": 11,
  "calls_error": 1,
  "calls_failed": 0,
  "tokens_in_total": 163010,
  "tokens_out_total": 17944,
  "tokens_in_avg": 13584.166666666666,
  "tokens_out_avg": 1495.3333333333333,
  "tokens_in_std": 493.39709866363927,
  "tokens_out_std": 579.1630847938072,
  "time_total_ms": 122152,
  "time_avg_ms": 10179.333333333334,
  "time_std_ms": 4125.823230984737,
  "cost_total": 0.0704358,
  "cost_avg": 0.0058696500000000006,
  "cost_std": 0.0007289376460426378
}