{
  "run_won": false,
  "run_completed": true,
  "final_ante": 2,
  "final_round": 5,
  "providers": {
    "Groq": 46
  },
  "calls_total": 46,
  "calls_success": 42,
  "calls_error": 4,
  "calls_failed": 0,
  "tokens_in_total": 633397,
  "tokens_out_total": 159223,
  "tokens_in_avg": 13769.5,
  "tokens_out_avg": 3461.3695652173915,
  "tokens_in_std": 477.7505043895238,
  "tokens_out_std": 4027.9102955844687,
  "time_total_ms": 219930,
  "time_avg_ms": 4781.086956521739,
  "time_std_ms": 4643.18188231632,
  "cost_total": 0.077713275,
  "cost_avg": 0.0016894190217391304,
  "cost_std": 0.0012172119530484498
}