{
  "run_won": false,
  "run_completed": true,
  "final_ante": 1,
  "final_round": 1,
  "providers": {
    "Mistral": 4
  },
  "calls_total": 4,
  "calls_success": 4,
  "calls_error": 0,
  "calls_failed": 0,
  "tokens_in_total": 54867,
  "tokens_out_total": 1878,
  "tokens_in_avg": 13716.75,
  "tokens_out_avg": 469.5,
  "tokens_in_std": 394.1897808585775,
  "tokens_out_std": 368.333634992335,
  "time_total_ms": 41240,
  "time_avg_ms": 10310.0,
  "time_std_ms": 5425.268534060472,
  "cost_total": 0.0302505,
  "cost_avg": 0.007562625,
  "cost_std": 0.0007398215297173597
}