{
  "run_won": false,
  "run_completed": true,
  "final_ante": 3,
  "final_round": 9,
  "providers": {
    "Alibaba": 66
  },
  "calls_total": 66,
  "calls_success": 65,
  "calls_error": 0,
  "calls_failed": 1,
  "tokens_in_total": 981914,
  "tokens_out_total": 54897,
  "tokens_in_avg": 14877.484848484848,
  "tokens_out_avg": 831.7727272727273,
  "tokens_in_std": 590.6509119326743,
  "tokens_out_std": 541.3801961498193,
  "time_total_ms": 1363148,
  "time_avg_ms": 20653.757575757576,
  "time_std_ms": 11354.640224033936,
  "cost_total": 1.5076788,
  "cost_avg": 0.02284361818181818,
  "cost_std": 0.00354177729043611
}