{
  "run_won": false,
  "run_completed": false,
  "final_ante": 3,
  "final_round": 6,
  "providers": {
    "Google AI Studio": 36
  },
  "calls_total": 35,
  "calls_success": 30,
  "calls_error": 5,
  "calls_failed": 0,
  "tokens_in_total": 515535,
  "tokens_out_total": 81808,
  "tokens_in_avg": 14320.416666666666,
  "tokens_out_avg": 2272.4444444444443,
  "tokens_in_std": 574.0273948166586,
  "tokens_out_std": 1202.4733426078683,
  "time_total_ms": 1034122,
  "time_avg_ms": 28725.61111111111,
  "time_std_ms": 14662.038638758406,
  "cost_total": 1.4687214,
  "cost_avg": 0.04079781666666667,
  "cost_std": 0.014569062349307178
}