{
  "run_won": false,
  "run_completed": true,
  "final_ante": 1,
  "final_round": 1,
  "providers": {
    "DeepInfra": 4
  },
  "calls_total": 4,
  "calls_success": 4,
  "calls_error": 0,
  "calls_failed": 0,
  "tokens_in_total": 52194,
  "tokens_out_total": 6401,
  "tokens_in_avg": 13048.5,
  "tokens_out_avg": 1600.25,
  "tokens_in_std": 147.45055668483135,
  "tokens_out_std": 515.0918202935602,
  "time_total_ms": 70632,
  "time_avg_ms": 17658.0,
  "time_std_ms": 5304.991046175291,
  "cost_total": 0.02229552,
  "cost_avg": 0.00557388,
  "cost_std": 0.0005881693044240466
}