{
  "run_won": false,
  "run_completed": true,
  "final_ante": 2,
  "final_round": 6,
  "providers": {
    "Groq": 41
  },
  "calls_total": 41,
  "calls_success": 37,
  "calls_error": 4,
  "calls_failed": 0,
  "tokens_in_total": 565034,
  "tokens_out_total": 103869,
  "tokens_in_avg": 13781.317073170732,
  "tokens_out_avg": 2533.390243902439,
  "tokens_in_std": 492.35665116988065,
  "tokens_out_std": 2777.5019250942814,
  "time_total_ms": 158364,
  "time_avg_ms": 3862.5365853658536,
  "time_std_ms": 3568.739757236166,
  "cost_total": 0.05747745,
  "cost_avg": 0.0014018890243902439,
  "cost_std": 0.0008452629656105692
}