{
  "run_won": false,
  "run_completed": true,
  "final_ante": 2,
  "final_round": 5,
  "providers": {
    "Amazon Bedrock": 40
  },
  "calls_total": 40,
  "calls_success": 40,
  "calls_error": 0,
  "calls_failed": 0,
  "tokens_in_total": 652270,
  "tokens_out_total": 103782,
  "tokens_in_avg": 16306.75,
  "tokens_out_avg": 2594.55,
  "tokens_in_std": 605.9668582796697,
  "tokens_out_std": 784.5107229088551,
  "time_total_ms": 1585676,
  "time_avg_ms": 39641.9,
  "time_std_ms": 11063.97810823427,
  "cost_total": 3.51354,
  "cost_avg": 0.0878385,
  "cost_std": 0.012346360192380586
}