{
  "run_won": false,
  "run_completed": true,
  "final_ante": 1,
  "final_round": 2,
  "providers": {
    "Amazon Bedrock": 12
  },
  "calls_total": 12,
  "calls_success": 12,
  "calls_error": 0,
  "calls_failed": 0,
  "tokens_in_total": 188448,
  "tokens_out_total": 61777,
  "tokens_in_avg": 15704.0,
  "tokens_out_avg": 5148.083333333333,
  "tokens_in_std": 731.904241128454,
  "tokens_out_std": 2705.3747667907082,
  "time_total_ms": 532494,
  "time_avg_ms": 44374.5,
  "time_std_ms": 20535.225905745472,
  "cost_total": 0.497333,
  "cost_avg": 0.04144441666666667,
  "cost_std": 0.013949477099736055
}