{
  "run_won": false,
  "run_completed": false,
  "final_ante": 1,
  "final_round": 1,
  "providers": {
    "SiliconFlow": 4
  },
  "calls_total": 4,
  "calls_success": 1,
  "calls_error": 3,
  "calls_failed": 0,
  "tokens_in_total": 52763,
  "tokens_out_total": 3808,
  "tokens_in_avg": 13190.75,
  "tokens_out_avg": 952.0,
  "tokens_in_std": 136.06952879563693,
  "tokens_out_std": 123.14490109893575,
  "time_total_ms": 54643,
  "time_avg_ms": 13660.75,
  "time_std_ms": 1348.274792713513,
  "cost_total": 0.03053806,
  "cost_avg": 0.007634515,
  "cost_std": 0.00026949508709189215
}