{
  "run_won": false,
  "run_completed": true,
  "final_ante": 1,
  "final_round": 1,
  "providers": {
    "BaseTen": 4
  },
  "calls_total": 4,
  "calls_success": 4,
  "calls_error": 0,
  "calls_failed": 0,
  "tokens_in_total": 52922,
  "tokens_out_total": 4468,
  "tokens_in_avg": 13230.5,
  "tokens_out_avg": 1117.0,
  "tokens_in_std": 376.5284407141998,
  "tokens_out_std": 472.6337553187105,
  "time_total_ms": 27825,
  "time_avg_ms": 6956.25,
  "time_std_ms": 2762.1340029042763,
  "cost_total": 0.0429232,
  "cost_avg": 0.0107308,
  "cost_std": 0.0013341762202447873
}