{
  "run_won": false,
  "run_completed": true,
  "final_ante": 4,
  "final_round": 12,
  "providers": {
    "Google": 83
  },
  "calls_total": 83,
  "calls_success": 83,
  "calls_error": 0,
  "calls_failed": 0,
  "tokens_in_total": 1364132,
  "tokens_out_total": 205610,
  "tokens_in_avg": 16435.32530120482,
  "tokens_out_avg": 2477.2289156626507,
  "tokens_in_std": 518.5572882346854,
  "tokens_out_std": 1658.0415520794347,
  "time_total_ms": 4120971,
  "time_avg_ms": 49650.25301204819,
  "time_std_ms": 29932.95653861344,
  "cost_total": 11.96091,
  "cost_avg": 0.14410734939759037,
  "cost_std": 0.042163483690428355
}