{
  "run_won": true,
  "run_completed": true,
  "final_ante": 9,
  "final_round": 24,
  "providers": {
    "Google AI Studio": 251
  },
  "calls_total": 251,
  "calls_success": 229,
  "calls_error": 20,
  "calls_failed": 2,
  "tokens_in_total": 3635523,
  "tokens_out_total": 660291,
  "tokens_in_avg": 14484.155378486055,
  "tokens_out_avg": 2630.641434262948,
  "tokens_in_std": 439.48224510320796,
  "tokens_out_std": 1404.8981880963242,
  "time_total_ms": 7605127,
  "time_avg_ms": 30299.31075697211,
  "time_std_ms": 14678.411975109699,
  "cost_total": 11.412432,
  "cost_avg": 0.04546785657370518,
  "cost_std": 0.017565224285980143
}