{
  "run_won": false,
  "run_completed": true,
  "final_ante": 2,
  "final_round": 4,
  "providers": {
    "Amazon Bedrock": 27
  },
  "calls_total": 27,
  "calls_success": 27,
  "calls_error": 0,
  "calls_failed": 0,
  "tokens_in_total": 435401,
  "tokens_out_total": 54478,
  "tokens_in_avg": 16125.962962962964,
  "tokens_out_avg": 2017.7037037037037,
  "tokens_in_std": 661.0881171035361,
  "tokens_out_std": 567.3609497431484,
  "time_total_ms": 856685,
  "time_avg_ms": 31729.074074074073,
  "time_std_ms": 9809.41509244259,
  "cost_total": 2.123373,
  "cost_avg": 0.07864344444444445,
  "cost_std": 0.009248414613964648
}