{
  "run_won": false,
  "run_completed": true,
  "final_ante": 2,
  "final_round": 6,
  "providers": {
    "Amazon Bedrock": 39
  },
  "calls_total": 39,
  "calls_success": 39,
  "calls_error": 0,
  "calls_failed": 0,
  "tokens_in_total": 639477,
  "tokens_out_total": 138250,
  "tokens_in_avg": 16396.846153846152,
  "tokens_out_avg": 3544.871794871795,
  "tokens_in_std": 684.38072423798,
  "tokens_out_std": 2250.6481309717637,
  "time_total_ms": 2191046,
  "time_avg_ms": 56180.666666666664,
  "time_std_ms": 33060.19493792094,
  "cost_total": 3.992181,
  "cost_avg": 0.10236361538461539,
  "cost_std": 0.03480414406936062
}