{
  "run_won": false,
  "run_completed": true,
  "final_ante": 1,
  "final_round": 3,
  "providers": {
    "Amazon Bedrock": 18
  },
  "calls_total": 18,
  "calls_success": 18,
  "calls_error": 0,
  "calls_failed": 0,
  "tokens_in_total": 288799,
  "tokens_out_total": 67753,
  "tokens_in_avg": 16044.388888888889,
  "tokens_out_avg": 3764.0555555555557,
  "tokens_in_std": 637.290970472477,
  "tokens_out_std": 1833.487178037017,
  "time_total_ms": 615386,
  "time_avg_ms": 34188.11111111111,
  "time_std_ms": 14942.980169292512,
  "cost_total": 0.627564,
  "cost_avg": 0.03486466666666667,
  "cost_std": 0.00955934632271721
}