{
  "run_won": false,
  "run_completed": true,
  "final_ante": 2,
  "final_round": 5,
  "providers": {
    "SiliconFlow": 37
  },
  "calls_total": 37,
  "calls_success": 36,
  "calls_error": 1,
  "calls_failed": 0,
  "tokens_in_total": 528615,
  "tokens_out_total": 55950,
  "tokens_in_avg": 14286.891891891892,
  "tokens_out_avg": 1512.162162162162,
  "tokens_in_std": 557.6749742250202,
  "tokens_out_std": 752.8709315942804,
  "time_total_ms": 822398,
  "time_avg_ms": 22226.972972972973,
  "time_std_ms": 11216.069678235199,
  "cost_total": 0.3451083,
  "cost_avg": 0.00932725135135135,
  "cost_std": 0.0017574638152844668
}