{
  "run_won": false,
  "run_completed": true,
  "final_ante": 1,
  "final_round": 1,
  "providers": {
    "Mistral": 4
  },
  "calls_total": 4,
  "calls_success": 4,
  "calls_error": 0,
  "calls_failed": 0,
  "tokens_in_total": 55271,
  "tokens_out_total": 1699,
  "tokens_in_avg": 13817.75,
  "tokens_out_avg": 424.75,
  "tokens_in_std": 485.13529040876836,
  "tokens_out_std": 156.4424814428613,
  "time_total_ms": 41475,
  "time_avg_ms": 10368.75,
  "time_std_ms": 1884.9543540008249,
  "cost_total": 0.030184,
  "cost_avg": 0.007546,
  "cost_std": 0.00047677090934745563
}