{
  "run_won": false,
  "run_completed": true,
  "final_ante": 4,
  "final_round": 12,
  "providers": {
    "Amazon Bedrock": 90
  },
  "calls_total": 90,
  "calls_success": 90,
  "calls_error": 0,
  "calls_failed": 0,
  "tokens_in_total": 1500158,
  "tokens_out_total": 320996,
  "tokens_in_avg": 16668.422222222223,
  "tokens_out_avg": 3566.6222222222223,
  "tokens_in_std": 644.1496437517978,
  "tokens_out_std": 2052.853867606707,
  "time_total_ms": 4994152,
  "time_avg_ms": 55490.57777777778,
  "time_std_ms": 31166.711254581656,
  "cost_total": 9.315414,
  "cost_avg": 0.1035046,
  "cost_std": 0.03182035985778055
}