{
  "run_won": false,
  "run_completed": false,
  "final_ante": 3,
  "final_round": 8,
  "providers": {
    "Amazon Bedrock": 60
  },
  "calls_total": 60,
  "calls_success": 60,
  "calls_error": 0,
  "calls_failed": 0,
  "tokens_in_total": 982340,
  "tokens_out_total": 152124,
  "tokens_in_avg": 16372.333333333334,
  "tokens_out_avg": 2535.4,
  "tokens_in_std": 472.77007944940726,
  "tokens_out_std": 1378.4482703019019,
  "time_total_ms": 2546559,
  "time_avg_ms": 42442.65,
  "time_std_ms": 20611.07003433275,
  "cost_total": 8.7148,
  "cost_avg": 0.14524666666666666,
  "cost_std": 0.0349911680826078
}