{
  "run_won": false,
  "run_completed": true,
  "final_ante": 1,
  "final_round": 1,
  "providers": {
    "DeepInfra": 5
  },
  "calls_total": 5,
  "calls_success": 5,
  "calls_error": 0,
  "calls_failed": 0,
  "tokens_in_total": 65866,
  "tokens_out_total": 7941,
  "tokens_in_avg": 13173.2,
  "tokens_out_avg": 1588.2,
  "tokens_in_std": 221.64543757993306,
  "tokens_out_std": 275.4617940840435,
  "time_total_ms": 83700,
  "time_avg_ms": 16740.0,
  "time_std_ms": 2975.0087394829616,
  "cost_total": 0.02797168,
  "cost_avg": 0.005594336,
  "cost_std": 0.00036209673249009024
}