{
  "run_won": false,
  "run_completed": true,
  "final_ante": 4,
  "final_round": 12,
  "providers": {
    "Alibaba": 79
  },
  "calls_total": 79,
  "calls_success": 78,
  "calls_error": 0,
  "calls_failed": 1,
  "tokens_in_total": 1167865,
  "tokens_out_total": 68763,
  "tokens_in_avg": 14783.101265822785,
  "tokens_out_avg": 870.4177215189874,
  "tokens_in_std": 585.9296272380329,
  "tokens_out_std": 597.2804951932816,
  "time_total_ms": 1649473,
  "time_avg_ms": 20879.40506329114,
  "time_std_ms": 12102.084650385745,
  "cost_total": 1.814016,
  "cost_avg": 0.022962227848101268,
  "cost_std": 0.0039502993588262075
}