{
  "run_won": false,
  "run_completed": false,
  "final_ante": 5,
  "final_round": 13,
  "providers": {
    "Google": 98,
    "Google AI Studio": 1
  },
  "calls_total": 99,
  "calls_success": 95,
  "calls_error": 1,
  "calls_failed": 3,
  "tokens_in_total": 1430692,
  "tokens_out_total": 184266,
  "tokens_in_avg": 14451.434343434343,
  "tokens_out_avg": 1861.2727272727273,
  "tokens_in_std": 514.013760667389,
  "tokens_out_std": 873.1933046638832,
  "time_total_ms": 1663013,
  "time_avg_ms": 16798.11111111111,
  "time_std_ms": 8494.88714401605,
  "cost_total": 1.23038675,
  "cost_avg": 0.012428148989898991,
  "cost_std": 0.002995335273608866
}