{
  "run_won": false,
  "run_completed": false,
  "final_ante": 3,
  "final_round": 8,
  "providers": {
    "Google": 66,
    "SiliconFlow": 2
  },
  "calls_total": 68,
  "calls_success": 52,
  "calls_error": 16,
  "calls_failed": 0,
  "tokens_in_total": 1039250,
  "tokens_out_total": 155965,
  "tokens_in_avg": 15283.088235294117,
  "tokens_out_avg": 2293.6029411764707,
  "tokens_in_std": 521.2301103344159,
  "tokens_out_std": 1025.340760826427,
  "time_total_ms": 3557860,
  "time_avg_ms": 52321.470588235294,
  "time_std_ms": 22146.50610324824,
  "cost_total": 0.82953582,
  "cost_avg": 0.012199056176470588,
  "cost_std": 0.002207591388305924
}