{
  "run_won": false,
  "run_completed": true,
  "final_ante": 2,
  "final_round": 6,
  "providers": {
    "Cerebras": 49
  },
  "calls_total": 49,
  "calls_success": 48,
  "calls_error": 1,
  "calls_failed": 0,
  "tokens_in_total": 666314,
  "tokens_out_total": 70452,
  "tokens_in_avg": 13598.244897959185,
  "tokens_out_avg": 1437.795918367347,
  "tokens_in_std": 375.13928139049483,
  "tokens_out_std": 880.860776447103,
  "time_total_ms": 107777,
  "time_avg_ms": 2199.530612244898,
  "time_std_ms": 1238.3217827305768,
  "cost_total": 0.2860489,
  "cost_avg": 0.005837732653061224,
  "cost_std": 0.000685794755766304
}