{
  "run_won": false,
  "run_completed": true,
  "final_ante": 7,
  "final_round": 21,
  "providers": {
    "OpenAI": 216
  },
  "calls_total": 216,
  "calls_success": 211,
  "calls_error": 0,
  "calls_failed": 5,
  "tokens_in_total": 3038933,
  "tokens_out_total": 224579,
  "tokens_in_avg": 14069.13425925926,
  "tokens_out_avg": 1039.7175925925926,
  "tokens_in_std": 348.00264037010555,
  "tokens_out_std": 590.0197780411762,
  "time_total_ms": 5254264,
  "time_avg_ms": 24325.296296296296,
  "time_std_ms": 13254.984129548811,
  "cost_total": 4.93323075,
  "cost_avg": 0.02283903125,
  "cost_std": 0.00880988054593978
}