{
  "run_won": false,
  "run_completed": true,
  "final_ante": 1,
  "final_round": 3,
  "providers": {
    "Google": 22
  },
  "calls_total": 22,
  "calls_success": 22,
  "calls_error": 0,
  "calls_failed": 0,
  "tokens_in_total": 312214,
  "tokens_out_total": 58786,
  "tokens_in_avg": 14191.545454545454,
  "tokens_out_avg": 2672.090909090909,
  "tokens_in_std": 699.2805641223753,
  "tokens_out_std": 2224.250283730526,
  "time_total_ms": 418714,
  "time_avg_ms": 19032.454545454544,
  "time_std_ms": 14529.80955116321,
  "cost_total": 0.3342934,
  "cost_avg": 0.015195154545454547,
  "cost_std": 0.00573987260931537
}