{
  "run_won": false,
  "run_completed": false,
  "final_ante": 3,
  "final_round": 6,
  "providers": {
    "OpenAI": 35
  },
  "calls_total": 34,
  "calls_success": 34,
  "calls_error": 0,
  "calls_failed": 0,
  "tokens_in_total": 484336,
  "tokens_out_total": 32556,
  "tokens_in_avg": 13838.171428571428,
  "tokens_out_avg": 930.1714285714286,
  "tokens_in_std": 404.2253656297281,
  "tokens_out_std": 505.50815934034523,
  "time_total_ms": 873650,
  "time_avg_ms": 24961.428571428572,
  "time_std_ms": 13361.651961282849,
  "cost_total": 0.7068376,
  "cost_avg": 0.02019536,
  "cost_std": 0.0069790072897625505
}