{
  "run_won": false,
  "run_completed": false,
  "final_ante": 1,
  "final_round": 3,
  "providers": {
    "Google": 28
  },
  "calls_total": 28,
  "calls_success": 18,
  "calls_error": 10,
  "calls_failed": 0,
  "tokens_in_total": 412559,
  "tokens_out_total": 46797,
  "tokens_in_avg": 14734.25,
  "tokens_out_avg": 1671.3214285714287,
  "tokens_in_std": 602.0798289017581,
  "tokens_out_std": 858.230481586275,
  "time_total_ms": 1121963,
  "time_avg_ms": 40070.107142857145,
  "time_std_ms": 19196.51653843263,
  "cost_total": 0.309652,
  "cost_avg": 0.011059,
  "cost_std": 0.0015821259361214418
}