{
  "run_won": false,
  "run_completed": true,
  "final_ante": 4,
  "final_round": 11,
  "providers": {
    "xAI": 86
  },
  "calls_total": 86,
  "calls_success": 84,
  "calls_error": 0,
  "calls_failed": 2,
  "tokens_in_total": 1405039,
  "tokens_out_total": 241853,
  "tokens_in_avg": 16337.662790697674,
  "tokens_out_avg": 2812.2441860465115,
  "tokens_in_std": 1355.2227393264232,
  "tokens_out_std": 2146.9592556809353,
  "time_total_ms": 5592288,
  "time_avg_ms": 65026.604651162794,
  "time_std_ms": 45913.43041427602,
  "cost_total": 6.69495075,
  "cost_avg": 0.07784826453488372,
  "cost_std": 0.03301385901820705
}