{
  "run_won": false,
  "run_completed": false,
  "final_ante": 4,
  "final_round": 12,
  "providers": {
    "Google": 79
  },
  "calls_total": 79,
  "calls_success": 78,
  "calls_error": 1,
  "calls_failed": 0,
  "tokens_in_total": 1306624,
  "tokens_out_total": 196980,
  "tokens_in_avg": 16539.54430379747,
  "tokens_out_avg": 2493.4177215189875,
  "tokens_in_std": 524.6022619741735,
  "tokens_out_std": 1193.3096145142626,
  "time_total_ms": 3776919,
  "time_avg_ms": 47809.101265822785,
  "time_std_ms": 20816.498045710036,
  "cost_total": 11.45762,
  "cost_avg": 0.14503316455696202,
  "cost_std": 0.03074713259694491
}