{
  "run_won": false,
  "run_completed": true,
  "final_ante": 1,
  "final_round": 2,
  "providers": {
    "xAI": 19
  },
  "calls_total": 19,
  "calls_success": 15,
  "calls_error": 0,
  "calls_failed": 4,
  "tokens_in_total": 281227,
  "tokens_out_total": 58417,
  "tokens_in_avg": 14801.421052631578,
  "tokens_out_avg": 3074.5789473684213,
  "tokens_in_std": 878.3967286286403,
  "tokens_out_std": 2331.9842841996997,
  "time_total_ms": 1160001,
  "time_avg_ms": 61052.68421052631,
  "time_std_ms": 43574.61918626565,
  "cost_total": 1.56291075,
  "cost_avg": 0.08225846052631579,
  "cost_std": 0.03414566659866381
}