{
  "run_won": false,
  "run_completed": true,
  "final_ante": 1,
  "final_round": 1,
  "providers": {
    "SiliconFlow": 4
  },
  "calls_total": 4,
  "calls_success": 4,
  "calls_error": 0,
  "calls_failed": 0,
  "tokens_in_total": 52676,
  "tokens_out_total": 6730,
  "tokens_in_avg": 13169.0,
  "tokens_out_avg": 1682.5,
  "tokens_in_std": 157.31285177420608,
  "tokens_out_std": 836.9318968709462,
  "time_total_ms": 96597,
  "time_avg_ms": 24149.25,
  "time_std_ms": 8234.981779983891,
  "cost_total": 0.03692992,
  "cost_avg": 0.00923248,
  "cost_std": 0.0018814834502593955
}