{
  "run_won": true,
  "run_completed": true,
  "final_ante": 9,
  "final_round": 24,
  "providers": {
    "OpenAI": 197
  },
  "calls_total": 197,
  "calls_success": 196,
  "calls_error": 1,
  "calls_failed": 0,
  "tokens_in_total": 2760281,
  "tokens_out_total": 175422,
  "tokens_in_avg": 14011.578680203045,
  "tokens_out_avg": 890.4670050761422,
  "tokens_in_std": 329.88116313006594,
  "tokens_out_std": 534.1583835836702,
  "time_total_ms": 4352626,
  "time_avg_ms": 22094.548223350255,
  "time_std_ms": 11891.610886394994,
  "cost_total": 3.93479975,
  "cost_avg": 0.01997360279187817,
  "cost_std": 0.007543575344061696
}