{
  "run_won": false,
  "run_completed": false,
  "final_ante": 7,
  "final_round": 20,
  "providers": {
    "Google": 207,
    "Google AI Studio": 1
  },
  "calls_total": 207,
  "calls_success": 204,
  "calls_error": 3,
  "calls_failed": 0,
  "tokens_in_total": 2989334,
  "tokens_out_total": 451465,
  "tokens_in_avg": 14371.798076923076,
  "tokens_out_avg": 2170.5048076923076,
  "tokens_in_std": 1086.433382799877,
  "tokens_out_std": 1145.5086459506924,
  "time_total_ms": 3923540,
  "time_avg_ms": 18863.173076923078,
  "time_std_ms": 8992.244221762036,
  "cost_total": 2.75923165,
  "cost_avg": 0.013265536778846152,
  "cost_std": 0.003765288287207032
}