{
  "run_won": false,
  "run_completed": true,
  "final_ante": 1,
  "final_round": 3,
  "providers": {
    "Cerebras": 14,
    "Clarifai": 9
  },
  "calls_total": 23,
  "calls_success": 21,
  "calls_error": 2,
  "calls_failed": 0,
  "tokens_in_total": 308531,
  "tokens_out_total": 43228,
  "tokens_in_avg": 13414.391304347826,
  "tokens_out_avg": 1879.4782608695652,
  "tokens_in_std": 404.13316202487187,
  "tokens_out_std": 1561.7577762824349,
  "time_total_ms": 90583,
  "time_avg_ms": 3938.391304347826,
  "time_std_ms": 2722.641176557165,
  "cost_total": 0.10409629,
  "cost_avg": 0.004525925652173913,
  "cost_std": 0.0025731131154318712
}