{
  "run_won": false,
  "run_completed": true,
  "final_ante": 1,
  "final_round": 2,
  "providers": {
    "xAI": 12
  },
  "calls_total": 12,
  "calls_success": 12,
  "calls_error": 0,
  "calls_failed": 0,
  "tokens_in_total": 164679,
  "tokens_out_total": 19366,
  "tokens_in_avg": 13723.25,
  "tokens_out_avg": 1613.8333333333333,
  "tokens_in_std": 739.5662272883035,
  "tokens_out_std": 584.9594909569431,
  "time_total_ms": 210734,
  "time_avg_ms": 17561.166666666668,
  "time_std_ms": 6666.483123988558,
  "cost_total": 0.04061225,
  "cost_avg": 0.003384354166666667,
  "cost_std": 0.0006908440349766933
}