{
  "run_won": false,
  "run_completed": true,
  "final_ante": 4,
  "final_round": 11,
  "providers": {
    "SiliconFlow": 71
  },
  "calls_total": 71,
  "calls_success": 69,
  "calls_error": 1,
  "calls_failed": 1,
  "tokens_in_total": 1017254,
  "tokens_out_total": 117024,
  "tokens_in_avg": 14327.521126760563,
  "tokens_out_avg": 1648.225352112676,
  "tokens_in_std": 524.8793564553649,
  "tokens_out_std": 963.3421020768286,
  "time_total_ms": 1648896,
  "time_avg_ms": 23223.88732394366,
  "time_std_ms": 13448.574818331703,
  "cost_total": 0.68469948,
  "cost_avg": 0.009643654647887325,
  "cost_std": 0.0022039017411204617
}