{
  "run_won": false,
  "run_completed": true,
  "final_ante": 1,
  "final_round": 1,
  "providers": {
    "Mistral": 4
  },
  "calls_total": 4,
  "calls_success": 4,
  "calls_error": 0,
  "calls_failed": 0,
  "tokens_in_total": 54295,
  "tokens_out_total": 1129,
  "tokens_in_avg": 13573.75,
  "tokens_out_avg": 282.25,
  "tokens_in_std": 232.23892151546576,
  "tokens_out_std": 190.61195310543005,
  "time_total_ms": 32035,
  "time_avg_ms": 8008.75,
  "time_std_ms": 5028.98342112996,
  "cost_total": 0.028841,
  "cost_avg": 0.00721025,
  "cost_std": 0.0002922728462698283
}