{
  "run_won": true,
  "run_completed": true,
  "final_ante": 9,
  "final_round": 24,
  "providers": {
    "Google AI Studio": 326,
    "Google": 1
  },
  "calls_total": 327,
  "calls_success": 291,
  "calls_error": 33,
  "calls_failed": 3,
  "tokens_in_total": 4783065,
  "tokens_out_total": 892804,
  "tokens_in_avg": 14627.11009174312,
  "tokens_out_avg": 2730.2874617737,
  "tokens_in_std": 1021.8517235381288,
  "tokens_out_std": 1638.2921780532713,
  "time_total_ms": 10357863,
  "time_avg_ms": 31675.422018348625,
  "time_std_ms": 17178.486032994042,
  "cost_total": 15.3443976,
  "cost_avg": 0.0469247633027523,
  "cost_std": 0.020371538393369172
}