{
  "run_won": false,
  "run_completed": false,
  "final_ante": 5,
  "final_round": 14,
  "providers": {
    "OpenAI": 150
  },
  "calls_total": 150,
  "calls_success": 147,
  "calls_error": 0,
  "calls_failed": 3,
  "tokens_in_total": 2085776,
  "tokens_out_total": 150402,
  "tokens_in_avg": 13905.173333333334,
  "tokens_out_avg": 1002.68,
  "tokens_in_std": 327.9232752518515,
  "tokens_out_std": 566.7643748898613,
  "time_total_ms": 3738306,
  "time_avg_ms": 24922.04,
  "time_std_ms": 15625.533981696573,
  "cost_total": 3.2117456,
  "cost_avg": 0.021411637333333334,
  "cost_std": 0.00834705661875998
}