{
  "run_won": false,
  "run_completed": true,
  "final_ante": 2,
  "final_round": 6,
  "providers": {
    "BaseTen": 46
  },
  "calls_total": 46,
  "calls_success": 43,
  "calls_error": 2,
  "calls_failed": 1,
  "tokens_in_total": 718125,
  "tokens_out_total": 83835,
  "tokens_in_avg": 15611.41304347826,
  "tokens_out_avg": 1822.5,
  "tokens_in_std": 1319.176301520291,
  "tokens_out_std": 1056.9334416130469,
  "time_total_ms": 543956,
  "time_avg_ms": 11825.130434782608,
  "time_std_ms": 6436.2704093759685,
  "cost_total": 0.6404625,
  "cost_avg": 0.013923097826086958,
  "cost_std": 0.0028650957824973428
}