{
  "run_won": false,
  "run_completed": false,
  "final_ante": 7,
  "final_round": 20,
  "providers": {
    "Google": 162,
    "AtlasCloud": 2
  },
  "calls_total": 163,
  "calls_success": 157,
  "calls_error": 1,
  "calls_failed": 5,
  "tokens_in_total": 2556412,
  "tokens_out_total": 394942,
  "tokens_in_avg": 15587.878048780487,
  "tokens_out_avg": 2408.182926829268,
  "tokens_in_std": 497.81470646132533,
  "tokens_out_std": 1065.7172259076463,
  "time_total_ms": 8181966,
  "time_avg_ms": 49890.03658536585,
  "time_std_ms": 21938.27637387044,
  "cost_total": 2.08493548,
  "cost_avg": 0.012713021219512195,
  "cost_std": 0.002107885008764173
}