{
  "run_won": false,
  "run_completed": true,
  "final_ante": 1,
  "final_round": 1,
  "providers": {
    "SiliconFlow": 4
  },
  "calls_total": 4,
  "calls_success": 4,
  "calls_error": 0,
  "calls_failed": 0,
  "tokens_in_total": 52758,
  "tokens_out_total": 6518,
  "tokens_in_avg": 13189.5,
  "tokens_out_avg": 1629.5,
  "tokens_in_std": 165.10703598978856,
  "tokens_out_std": 793.598765120007,
  "time_total_ms": 96169,
  "time_avg_ms": 24042.25,
  "time_std_ms": 11790.978539403193,
  "cost_total": 0.036497959999999996,
  "cost_avg": 0.009124489999999999,
  "cost_std": 0.0018035922850799732
}