{
  "run_won": false,
  "run_completed": true,
  "final_ante": 2,
  "final_round": 5,
  "providers": {
    "BaseTen": 39
  },
  "calls_total": 39,
  "calls_success": 33,
  "calls_error": 5,
  "calls_failed": 1,
  "tokens_in_total": 550859,
  "tokens_out_total": 77782,
  "tokens_in_avg": 14124.589743589744,
  "tokens_out_avg": 1994.4102564102564,
  "tokens_in_std": 604.7747609407862,
  "tokens_out_std": 1525.219944759456,
  "time_total_ms": 479927,
  "time_avg_ms": 12305.820512820514,
  "time_std_ms": 9263.537248895447,
  "cost_total": 0.5249704,
  "cost_avg": 0.013460779487179485,
  "cost_std": 0.00393085639029806
}