{
  "run_won": false,
  "run_completed": true,
  "final_ante": 1,
  "final_round": 2,
  "providers": {
    "SiliconFlow": 14
  },
  "calls_total": 14,
  "calls_success": 11,
  "calls_error": 3,
  "calls_failed": 0,
  "tokens_in_total": 186692,
  "tokens_out_total": 16262,
  "tokens_in_avg": 13335.142857142857,
  "tokens_out_avg": 1161.5714285714287,
  "tokens_in_std": 510.99719360103325,
  "tokens_out_std": 505.2940825797487,
  "time_total_ms": 250083,
  "time_avg_ms": 17863.071428571428,
  "time_std_ms": 7504.9427452772825,
  "cost_total": 0.11418704,
  "cost_avg": 0.008156217142857143,
  "cost_std": 0.0012586803149540187
}