{
  "run_won": false,
  "run_completed": true,
  "final_ante": 7,
  "final_round": 19,
  "providers": {
    "xAI": 156
  },
  "calls_total": 156,
  "calls_success": 152,
  "calls_error": 0,
  "calls_failed": 4,
  "tokens_in_total": 2647818,
  "tokens_out_total": 413133,
  "tokens_in_avg": 16973.19230769231,
  "tokens_out_avg": 2648.2884615384614,
  "tokens_in_std": 1459.4539682222942,
  "tokens_out_std": 1791.635126338653,
  "time_total_ms": 13860826,
  "time_avg_ms": 88851.44871794872,
  "time_std_ms": 55943.257323746366,
  "cost_total": 13.59025425,
  "cost_avg": 0.08711701442307691,
  "cost_std": 0.02916905068789964
}