{
  "run_won": false,
  "run_completed": true,
  "final_ante": 1,
  "final_round": 2,
  "providers": {
    "SiliconFlow": 12
  },
  "calls_total": 12,
  "calls_success": 12,
  "calls_error": 0,
  "calls_failed": 0,
  "tokens_in_total": 162620,
  "tokens_out_total": 20606,
  "tokens_in_avg": 13551.666666666666,
  "tokens_out_avg": 1717.1666666666667,
  "tokens_in_std": 492.9680670707943,
  "tokens_out_std": 1033.7112163403658,
  "time_total_ms": 292191,
  "time_avg_ms": 24349.25,
  "time_std_ms": 15197.029614817377,
  "cost_total": 0.1136336,
  "cost_avg": 0.009469466666666667,
  "cost_std": 0.002234485619333018
}