{
  "run_won": false,
  "run_completed": true,
  "final_ante": 1,
  "final_round": 3,
  "providers": {
    "xAI": 22
  },
  "calls_total": 22,
  "calls_success": 22,
  "calls_error": 0,
  "calls_failed": 0,
  "tokens_in_total": 313237,
  "tokens_out_total": 43432,
  "tokens_in_avg": 14238.045454545454,
  "tokens_out_avg": 1974.1818181818182,
  "tokens_in_std": 869.6396887859295,
  "tokens_out_std": 1044.9793634947391,
  "time_total_ms": 584662,
  "time_avg_ms": 26575.545454545456,
  "time_std_ms": 16513.313240064883,
  "cost_total": 0.07763275,
  "cost_avg": 0.0035287613636363637,
  "cost_std": 0.0009053631316890817
}