{
  "run_won": true,
  "run_completed": true,
  "final_ante": 9,
  "final_round": 24,
  "providers": {
    "Google": 98,
    "Amazon Bedrock": 92
  },
  "calls_total": 190,
  "calls_success": 190,
  "calls_error": 0,
  "calls_failed": 0,
  "tokens_in_total": 3140618,
  "tokens_out_total": 425020,
  "tokens_in_avg": 16529.56842105263,
  "tokens_out_avg": 2236.9473684210525,
  "tokens_in_std": 421.24774730075336,
  "tokens_out_std": 1232.0576488644163,
  "time_total_ms": 8061275,
  "time_avg_ms": 42427.76315789474,
  "time_std_ms": 21202.008996396817,
  "cost_total": 26.32859,
  "cost_avg": 0.13857152631578948,
  "cost_std": 0.031344620287035815
}