{
  "run_won": false,
  "run_completed": false,
  "final_ante": 4,
  "final_round": 9,
  "providers": {
    "Google": 94,
    "SiliconFlow": 1
  },
  "calls_total": 95,
  "calls_success": 65,
  "calls_error": 30,
  "calls_failed": 0,
  "tokens_in_total": 1496717,
  "tokens_out_total": 236213,
  "tokens_in_avg": 15754.915789473684,
  "tokens_out_avg": 2486.452631578947,
  "tokens_in_std": 604.6854582933548,
  "tokens_out_std": 1082.6810965260804,
  "time_total_ms": 5346521,
  "time_avg_ms": 56279.16842105263,
  "time_std_ms": 27670.6827748549,
  "cost_total": 1.22847691,
  "cost_avg": 0.01293133589473684,
  "cost_std": 0.002143019722231551
}