{
  "run_won": false,
  "run_completed": true,
  "final_ante": 2,
  "final_round": 5,
  "providers": {
    "BaseTen": 20,
    "Google": 29
  },
  "calls_total": 49,
  "calls_success": 46,
  "calls_error": 2,
  "calls_failed": 1,
  "tokens_in_total": 719845,
  "tokens_out_total": 119365,
  "tokens_in_avg": 14690.714285714286,
  "tokens_out_avg": 2436.0204081632655,
  "tokens_in_std": 695.5596068394618,
  "tokens_out_std": 1718.988322747277,
  "time_total_ms": 907574,
  "time_avg_ms": 18521.918367346938,
  "time_std_ms": 13569.687368722389,
  "cost_total": 0.7303195,
  "cost_avg": 0.014904479591836734,
  "cost_std": 0.0042588830247779165
}