{
  "run_won": false,
  "run_completed": true,
  "final_ante": 7,
  "final_round": 19,
  "providers": {
    "OpenAI": 182
  },
  "calls_total": 182,
  "calls_success": 181,
  "calls_error": 0,
  "calls_failed": 1,
  "tokens_in_total": 2563928,
  "tokens_out_total": 198798,
  "tokens_in_avg": 14087.516483516483,
  "tokens_out_avg": 1092.2967032967033,
  "tokens_in_std": 327.3644247281938,
  "tokens_out_std": 856.8405731723817,
  "time_total_ms": 4974201,
  "time_avg_ms": 27330.774725274725,
  "time_std_ms": 19616.50165810821,
  "cost_total": 4.1601644,
  "cost_avg": 0.022858046153846154,
  "cost_std": 0.012179959932746086
}